Data,Otwarcie,Najwyzszy,Najnizszy,Zamkniecie,Wolumen
2018-01-03,2463.26,2474.76,2430.69,2463.25,20684563
2018-01-04,2473.23,2536.84,2473.23,2533.17,30459124
2018-01-05,2530.77,2538.34,2514.09,2529.55,24857953
2018-01-08,2534.53,2551.32,2529.45,2548.61,20115690
2018-01-09,2552.5,2555.69,2522.21,2528.38,23981600
2018-01-10,2531.05,2531.6,2499.76,2511.27,20884553
2018-01-11,2517.35,2534.56,2504.67,2534.56,24590451
2018-01-12,2536.81,2550.79,2527.02,2539.29,17336808
2018-01-15,2535.37,2546.66,2523.83,2542.65,9109497
2018-01-16,2541.61,2602.34,2529.68,2591.1,30688753
2018-01-17,2587.72,2606.59,2584.69,2600.37,20608070
2018-01-18,2604.79,2610.63,2591.22,2591.22,17710495
2018-01-19,2592.75,2604.46,2589.89,2601.82,14913658
2018-01-22,2600.44,2621.93,2599.95,2620.87,17117639
2018-01-23,2629.53,2650.16,2613.07,2630.37,28512840
2018-01-24,2629.4,2630.21,2606.34,2621.59,19309927
2018-01-25,2614.92,2616.47,2587.95,2589.3,20922649
2018-01-26,2592.23,2601.99,2587.26,2600.48,19188796
2018-01-29,2599.2,2607.83,2583.4,2593.4,14459321
2018-01-30,2581.75,2581.75,2557.59,2566.14,17764773
2018-01-31,2565.29,2577.48,2553.81,2553.81,17988261
2018-02-01,2558.83,2580.23,2511.05,2534.21,17526649
2018-02-02,2526.55,2530.02,2502.95,2507.24,17744079
2018-02-05,2492.39,2508.7,2482.56,2505.98,17943951
2018-02-06,2445.53,2450.47,2401.89,2412.03,32490058
2018-02-07,2426.89,2441.67,2421.19,2441.67,26692347
2018-02-08,2440.29,2445.8,2406.48,2406.48,21040292
2018-02-09,2396.78,2409.64,2375.41,2382.79,32361862
2018-02-12,2402.18,2430.88,2402.18,2414.41,15319638
2018-02-13,2417.65,2431.67,2416.23,2431.67,19282376
2018-02-14,2439.12,2449.79,2413.79,2449.79,19553217
2018-02-15,2461.15,2473.58,2423.57,2423.57,17931321
2018-02-16,2445.4,2448.61,2396.54,2406.96,13445801
2018-02-19,2409.93,2420.91,2399.39,2408.49,7388012
2018-02-20,2404.56,2415.33,2392.16,2413.23,7938083
2018-02-21,2409.27,2411.07,2392.71,2405.47,18149909
2018-02-22,2389.87,2416.42,2372.06,2410.69,26234283
2018-02-23,2412.41,2427.26,2393.61,2406.11,16006759
2018-02-26,2418.02,2429.68,2403.09,2408.63,11836372
2018-02-27,2417.07,2429.65,2411.49,2421.51,23939840
2018-02-28,2410.71,2410.71,2364.32,2364.32,34958242
2018-03-01,2361.73,2365.51,2316.63,2334.96,30069522
2018-03-02,2327.98,2330.15,2298.69,2314.23,23190408
2018-03-05,2303.1,2330.1,2296.48,2330.1,14018445
2018-03-06,2344.54,2351.07,2331.3,2339.51,18832716
2018-03-07,2327.37,2363.38,2317.42,2359.57,25345728
2018-03-08,2362.53,2362.53,2320.21,2322.09,23039122
2018-03-09,2322.03,2354.54,2295.87,2354.54,23878302
2018-03-12,2362.62,2380.48,2359.56,2378.72,17165272
2018-03-13,2379.28,2380.12,2349.35,2353.02,23987095
2018-03-14,2353.74,2355.06,2332.48,2335.97,28553855
2018-03-15,2343.78,2354.45,2319.47,2321.87,21050176
2018-03-16,2320.19,2324.41,2280.75,2285.08,62261625
2018-03-19,2285.14,2291,2248.53,2248.53,16195571
2018-03-20,2250.26,2278.69,2237.96,2272.09,22177164
2018-03-21,2268.87,2322.94,2268.87,2320.77,26436072
2018-03-22,2313.07,2329.54,2266.96,2274.1,28591145
2018-03-23,2254.88,2265.16,2230.87,2257.22,22170863
2018-03-26,2260.83,2270.45,2238.74,2240.65,16786155
2018-03-27,2258.98,2283.33,2246.32,2246.32,19027476
2018-03-28,2238.85,2238.85,2192.91,2203.7,28633261
2018-03-29,2215.94,2227.06,2210.26,2210.38,17310444
2018-04-03,2211.17,2249.4,2199.53,2239.15,18921365
2018-04-04,2238.25,2238.25,2197.99,2200.99,20729188
2018-04-05,2222.86,2247.25,2222.86,2243.58,16919528
2018-04-06,2244.33,2268.22,2231.61,2258.8,16916600
2018-04-09,2261.72,2288.2,2248.23,2262.16,23026883
2018-04-10,2280.21,2287.35,2253.65,2274.81,30394054
2018-04-11,2274.22,2287.53,2254.2,2271.93,25202177
2018-04-12,2270.78,2310.67,2267.99,2306.44,21914999
2018-04-13,2310.75,2321.97,2304.72,2310.32,18521659
2018-04-16,2311.13,2313.96,2291.08,2300.2,10682603
2018-04-17,2304.58,2310.61,2291.39,2307.95,16627257
2018-04-18,2306.43,2316.06,2293.11,2315.5,20963469
2018-04-19,2310.94,2341.94,2308.03,2324.73,17008390
2018-04-20,2322.32,2334.22,2298.2,2298.2,21450260
2018-04-23,2299.31,2309.34,2289.68,2291.59,17634832
2018-04-24,2296.24,2315.26,2269.06,2269.06,20941112
2018-04-25,2266.88,2276.97,2253.15,2257,20466343
2018-04-26,2257.11,2284.31,2253.3,2283.15,18865261
2018-04-27,2286.49,2291.15,2271.05,2276.41,16392986
2018-04-30,2277.25,2298.23,2277.11,2291.87,12114602
2018-05-02,2291.87,2306.05,2284.35,2291.92,15073914
2018-05-04,2280.5,2280.5,2227.94,2233.35,18285048
2018-05-07,2242.8,2251.42,2213.06,2214.36,11497852
2018-05-08,2215.62,2236.4,2210.68,2236.4,26740130
2018-05-09,2236.49,2282,2236.49,2281.12,22327696
2018-05-10,2292.11,2311.55,2279.41,2302.71,26545502
2018-05-11,2303.97,2329.36,2299.44,2329.36,16771590
2018-05-14,2328.58,2333.07,2308.97,2321.09,15057691
2018-05-15,2311.71,2311.71,2273.5,2276.45,37033002
2018-05-16,2278.96,2278.96,2254.88,2275.91,21012834
2018-05-17,2269.54,2280.22,2253.6,2255.78,23789484
2018-05-18,2256.15,2268.61,2222.17,2230.32,21799223
2018-05-21,2231.47,2272.61,2231.47,2268.39,16848588
2018-05-22,2267.88,2269.15,2237.66,2248.71,19612175
2018-05-23,2242.19,2242.19,2200.81,2209.32,28548637
2018-05-24,2212.23,2241.43,2208.72,2213.26,30163221
2018-05-25,2216.49,2226,2196.02,2213.24,29693344
2018-05-28,2214.87,2232.88,2204.55,2217.87,12348420
2018-05-29,2208.65,2208.65,2161.35,2191.95,36309856
2018-05-30,2186.58,2186.58,2151.5,2157.07,159374900
2018-06-01,2158,2190.26,2144.73,2190.26,30134367
2018-06-04,2198.46,2221.05,2198.35,2210.1,20707694
2018-06-05,2217.1,2255.95,2197.38,2255.95,24148980
2018-06-06,2259.34,2266.11,2247.02,2256.67,23621089
2018-06-07,2267.32,2287.02,2260.17,2270.75,24576734
2018-06-08,2260.53,2260.53,2244.42,2250.06,17546792
2018-06-11,2259.61,2266.29,2229.68,2234.52,13890412
2018-06-12,2237.53,2256.63,2235.84,2252.39,17687950
2018-06-13,2256.86,2256.86,2227.14,2238.94,23765149
2018-06-14,2232.51,2247.99,2219.84,2238.39,18220100
2018-06-15,2240.09,2245.12,2203.01,2203.01,47615526
2018-06-18,2203.75,2209.5,2146.34,2150.98,15522433
2018-06-19,2137.66,2137.66,2108.1,2120.75,23457249
2018-06-20,2126.96,2176.46,2126.96,2154.18,16667292
2018-06-21,2159.39,2167.56,2127.92,2150.91,19893957
2018-06-22,2158.13,2174.15,2155.02,2162.88,21100094
2018-06-25,2154.93,2177.65,2149.03,2155.9,18592500
2018-06-26,2156.24,2174.11,2151.81,2153.4,18245830
2018-06-27,2149.33,2154.87,2129.8,2143.25,19418575
2018-06-28,2141.71,2141.71,2096.93,2098.75,19639940
2018-06-29,2111.05,2135.47,2111.05,2135.47,21960104
2018-07-02,2119.7,2125.11,2097.76,2119.31,15836242
2018-07-03,2125.36,2162.03,2123.69,2160.24,12363487
2018-07-04,2156.43,2182.51,2156.39,2182.51,9607409
2018-07-05,2164.27,2184.32,2154.51,2156.59,13916390
2018-07-06,2158.24,2165.15,2148.83,2152.06,14266167
2018-07-09,2162.62,2174.69,2141.14,2151.7,11232643
2018-07-10,2154.32,2194.86,2144.66,2177.67,20828950
2018-07-11,2171.87,2171.87,2150.88,2154.28,13982675
2018-07-12,2160.13,2169.94,2157.49,2161.2,13201054
2018-07-13,2169.37,2173.75,2147.66,2157.14,11278845
2018-07-16,2155.15,2165.93,2133.98,2133.98,9572086
2018-07-17,2141.57,2154.62,2132.06,2153.21,16471405
2018-07-18,2155.27,2167.04,2140.81,2149.12,15720475
2018-07-19,2137.6,2150.64,2127.36,2146.82,19914424
2018-07-20,2142.09,2182.92,2138.68,2182.92,24525499
2018-07-23,2189.2,2213.88,2184.77,2204.53,17749877
2018-07-24,2209.65,2249.28,2209.65,2244.27,21409637
2018-07-25,2250.61,2268.2,2236.63,2260.7,15241676
2018-07-26,2263.96,2309.86,2263.96,2304.67,21761558
2018-07-27,2306.43,2309.18,2285.08,2290.77,13807162
2018-07-30,2289.23,2327.77,2281.26,2327.77,15672724
2018-07-31,2322.89,2327.2,2294.9,2302.13,22469798
2018-08-01,2304.04,2315.48,2278.54,2315.48,19268130
2018-08-02,2309.85,2309.85,2278.44,2283.94,14948812
2018-08-03,2284.28,2301.97,2277.56,2286.92,10677341
2018-08-06,2290.1,2295.82,2267.3,2295.82,8405164
2018-08-07,2295.3,2309.59,2291.68,2304.11,11833275
2018-08-08,2321.55,2331.79,2301.11,2307.12,21388375
2018-08-09,2308.44,2324.73,2292.39,2324.73,13225627
2018-08-10,2308.65,2308.65,2247.15,2247.15,24704314
2018-08-13,2243.43,2271.34,2230.73,2260.88,16502908
2018-08-14,2268.7,2285.87,2252.28,2272.73,12656279
2018-08-16,2262.45,2268.24,2244.42,2262.1,18812432
2018-08-17,2265.39,2265.39,2217.74,2217.74,16081282
2018-08-20,2225.55,2243.71,2225.55,2236.08,16505716
2018-08-21,2241.25,2286.19,2241.25,2281.02,14055415
2018-08-22,2275.86,2308.85,2272.72,2295.63,20831193
2018-08-23,2295.14,2331.93,2285.59,2322.86,27521516
2018-08-24,2322.94,2322.94,2308.45,2312.7,15801181
2018-08-27,2318.85,2372.83,2318.85,2369.97,17890851
2018-08-28,2374.8,2395.77,2361.78,2390.42,19468742
2018-08-29,2386.53,2390.36,2375.47,2380.68,25961500
2018-08-30,2381.65,2387.65,2352.67,2353.92,24803503
2018-08-31,2348.6,2352.7,2333.37,2337.96,23794516
2018-09-03,2340.08,2370.82,2337.21,2355.67,14019698
2018-09-04,2361.39,2377.02,2312.13,2321.24,25190843
2018-09-05,2320.8,2325.39,2295.51,2295.51,32082177
2018-09-06,2291.67,2313.51,2290.73,2293.01,22388056
2018-09-07,2294.98,2303.91,2253.47,2257.3,24016475
2018-09-10,2258.76,2274.96,2251.92,2270.83,18998699
2018-09-11,2262.79,2271.93,2234.38,2248.35,27933088
2018-09-12,2252.17,2264.81,2210.16,2210.16,38305795
2018-09-13,2213.26,2250.11,2213.26,2233.46,23603015
2018-09-14,2243.41,2250.02,2217.53,2232.07,16888313
2018-09-17,2230.43,2231.99,2209.37,2210.99,21584577
2018-09-18,2209.74,2248.51,2209.74,2231.04,20440315
2018-09-19,2239.49,2269.89,2221.57,2259.1,31898025
2018-09-20,2261.41,2272.24,2253.6,2258.63,26680815
2018-09-21,2266.96,2286.76,2256.52,2257.47,143565896
2018-09-24,2261.65,2283.58,2261.65,2280.6,23647381
2018-09-25,2285.8,2310.95,2280.16,2290.19,20454785
2018-09-26,2292.73,2304.45,2285.3,2304.45,18929531
2018-09-27,2300.58,2315.07,2284.49,2315.07,20965780
2018-09-28,2304.24,2310.37,2258.47,2285.11,27172887
2018-10-01,2290.8,2320.98,2281.78,2284.01,13923278
2018-10-02,2272.46,2280.04,2259.38,2280.04,17249613
2018-10-03,2288.11,2305.09,2283.55,2298.2,24317758
2018-10-04,2289.13,2297.06,2268.78,2275.65,26511723
2018-10-05,2275.35,2278.81,2256.83,2264.2,23637219
2018-10-08,2259.71,2259.71,2224.13,2224.13,17477718
2018-10-09,2221.83,2257.31,2220.12,2251.32,19090836
2018-10-10,2254.22,2257.03,2192.51,2197.34,22302437
2018-10-11,2170.37,2181.01,2144,2159.88,25756848
2018-10-12,2174.35,2195.33,2174.35,2186.62,23949953
2018-10-15,2192.17,2194.5,2164.36,2170.05,17478382
2018-10-16,2176.49,2216.8,2176.49,2216.8,22094253
2018-10-17,2225.11,2234.08,2184.03,2199.53,23449412
2018-10-18,2197.47,2207.43,2180.35,2188.1,16966981
2018-10-19,2190.1,2202.16,2167.21,2196.99,16628625
2018-10-22,2203.23,2211.52,2179.33,2193.08,16546801
2018-10-23,2178.47,2178.47,2147.81,2147.81,19305273
2018-10-24,2152.52,2162.72,2144.4,2144.4,19779407
2018-10-25,2124.47,2144.86,2111.64,2142.69,20408440
2018-10-26,2139.9,2139.9,2082.77,2082.77,17914773
2018-10-29,2089.53,2118.48,2089.4,2103.72,13904761
2018-10-30,2104.5,2122.73,2092.18,2122.73,15077256
2018-10-31,2132,2151.88,2132,2151.88,30174419
2018-11-02,2169.62,2208.49,2169.62,2197.68,22661281
2018-11-05,2196.65,2234.79,2188.99,2233.74,15281896
2018-11-06,2237.84,2239.2,2214.47,2230.34,16632609
2018-11-07,2227.66,2282.59,2227.53,2276.65,24830888
2018-11-08,2280.1,2294.15,2258.19,2262.84,21974195
2018-11-09,2259.66,2259.66,2223.95,2232.25,16557395
2018-11-13,2230.91,2242.91,2209.34,2217.97,18259480
2018-11-14,2206.38,2243.42,2191.98,2231.9,24874810
2018-11-15,2237.44,2254.49,2202.91,2202.91,35404744
2018-11-16,2208.77,2221.69,2137.46,2165.46,40367263
2018-11-19,2173.2,2189.73,2152.58,2189.73,27279627
2018-11-20,2181.11,2195.17,2150.91,2160.57,29176585
2018-11-21,2167.92,2220.2,2167.92,2219.62,31292653
2018-11-22,2218.09,2241.04,2207.02,2236.35,17730119
2018-11-23,2234.74,2238.44,2209.33,2225.39,11226411
2018-11-26,2229.64,2245.08,2202.37,2213.57,15951481
2018-11-27,2215.58,2227.11,2202.99,2222.85,17080057
2018-11-28,2222.61,2268.14,2222.61,2264.51,25760476
2018-11-29,2273.83,2303.37,2273.83,2303.37,22752154
2018-11-30,2300.37,2300.37,2267.95,2291.08,34725362
2018-12-03,2310.75,2334.22,2310.75,2329.37,29918140
2018-12-04,2322.24,2344.91,2311.83,2344.91,37195668
2018-12-05,2319.32,2355.29,2296.26,2354.54,36548200
2018-12-06,2335.28,2335.28,2290.52,2294.34,32443515
2018-12-07,2300.79,2320.4,2273.31,2281.54,22011552
2018-12-10,2274.51,2282.05,2241.91,2242.1,17081467
2018-12-11,2252.7,2264.54,2221.37,2221.37,29514762
2018-12-12,2228.58,2275.19,2227.89,2275.15,39814158
2018-12-13,2282.77,2314.09,2267.53,2310.66,32714897
2018-12-14,2297.17,2314.12,2282.43,2303.41,22124646
2018-12-17,2296.79,2308.55,2281.45,2281.87,20756145
2018-12-18,2273.02,2317.59,2264.35,2315.18,26101311
2018-12-19,2312.49,2344.11,2309.47,2342.81,28897699
2018-12-20,2327.49,2327.49,2295.4,2306.68,33393058
2018-12-21,2303.95,2307,2226.52,2259.77,69876976
2018-12-27,2279.04,2288.31,2248.23,2251.38,15779847
2018-12-28,2253.05,2281.37,2253.05,2276.63,17139836
2019-01-02,2275.35,2303.24,2243.92,2301.62,15522133
2019-01-03,2293.47,2293.47,2243.05,2247.22,18449644
2019-01-04,2257.4,2289.19,2257.4,2284.95,19543174
2019-01-07,2292.76,2331.45,2292.76,2331.45,29453503
2019-01-08,2330.42,2330.42,2303.05,2325.19,26789886
2019-01-09,2329.09,2341.84,2321.96,2341.84,30379782
2019-01-10,2331.87,2335.6,2305.97,2335.31,22732382
2019-01-11,2343.73,2364.28,2322.14,2335.1,27211263
2019-01-14,2326.24,2334.3,2310.84,2327.66,21572221
2019-01-15,2336.51,2350.86,2323.57,2344.56,20069983
2019-01-16,2349.89,2364.17,2340.33,2364.17,21252985
2019-01-17,2358.94,2372.09,2351.72,2358.97,21895608
2019-01-18,2366.69,2380.73,2357.34,2377.87,25825938
2019-01-21,2379.21,2379.21,2349.47,2358.3,10396198
2019-01-22,2349.91,2369.68,2344.35,2359.23,19785079
2019-01-23,2360.17,2415.67,2353.25,2407.09,30598430
2019-01-24,2410.22,2420.94,2388.59,2406.38,26494755
2019-01-25,2413.12,2418.41,2390.85,2398.74,30212307
2019-01-28,2399.77,2400.76,2354.8,2370.62,27052126
2019-01-29,2370.79,2388.59,2357.21,2373.3,22353237
2019-01-30,2374.69,2378.83,2348.33,2357.79,22575189
2019-01-31,2367.75,2389.76,2364.08,2380.11,28047137
2019-02-01,2380.44,2393.43,2373.14,2393.43,13854901
2019-02-04,2392.16,2410.9,2380.23,2390.46,18123965
2019-02-05,2393.43,2411.99,2383.96,2409.32,17449872
2019-02-06,2409.89,2420.4,2403.68,2414.41,18795205
2019-02-07,2407.95,2407.95,2367.18,2371.33,14476784
2019-02-08,2365.88,2368.32,2354.11,2354.11,17529892
2019-02-11,2359.1,2378.19,2354.28,2354.28,16268143
2019-02-12,2362.03,2377.01,2356.36,2370.99,16068892
2019-02-13,2374.44,2380.53,2334.87,2346.39,17342535
2019-02-14,2346.67,2352.35,2316.81,2319.92,29705351
2019-02-15,2316.99,2346.99,2314,2338.2,16243183
2019-02-18,2340.2,2345.5,2319.46,2325.67,15050049
2019-02-19,2324.68,2337.54,2313.83,2322.41,15933724
2019-02-20,2327.23,2369.7,2327.23,2369.7,20213105
2019-02-21,2366.6,2375.39,2330.01,2339.85,24780202
2019-02-22,2338.21,2372.82,2338.21,2355.77,23728852
2019-02-25,2358.78,2376.05,2348.42,2371.69,17546290
2019-02-26,2370.55,2370.55,2355.92,2365.93,18129776
2019-02-27,2364.42,2368.09,2331.93,2333.81,15764645
2019-02-28,2336.82,2346.44,2332.23,2332.23,19132541
2019-03-01,2339.97,2349.46,2330.85,2333.11,20112068
2019-03-04,2341.55,2349.08,2321.71,2328.05,25995529
2019-03-05,2325.8,2338.74,2318.81,2321.32,15909279
2019-03-06,2325.09,2329.4,2317,2327.16,20220415
2019-03-07,2326.78,2335.46,2305.25,2308.48,16175290
2019-03-08,2305.19,2305.19,2286.94,2298.97,14503984
2019-03-11,2303.15,2313.54,2297.59,2300.22,17658030
2019-03-12,2312.75,2319.74,2298.8,2310.1,18228820
2019-03-13,2306.15,2316.63,2301.22,2314.79,27007570
2019-03-14,2319.32,2323.52,2310.25,2319.28,17674350
2019-03-15,2323.39,2360.92,2317.73,2346.25,70608206
2019-03-18,2351.02,2358.84,2342.69,2345.84,17179993
2019-03-19,2346.73,2365.96,2346.73,2352.42,18352200
2019-03-20,2353.1,2357.16,2344.13,2351.83,15974697
2019-03-21,2352.81,2359.36,2344.94,2359.02,17889316
2019-03-22,2358.11,2361.06,2319.1,2319.1,15736309
2019-03-25,2314.98,2320.57,2304.66,2312.79,13412020
2019-03-26,2314,2325.05,2312.43,2324.91,12798900
2019-03-27,2326.64,2331.21,2312.75,2315.17,16891636
2019-03-28,2315.21,2325.26,2310.92,2313.77,11713850
2019-03-29,2318.66,2330.52,2304.77,2312.09,26232506
2019-04-01,2325.38,2347.72,2325.38,2340.74,14670200
2019-04-02,2342.08,2382.89,2342.08,2371.14,16645463
2019-04-03,2381.44,2408.37,2381.44,2407.63,20779343
2019-04-04,2404.61,2413.5,2386.49,2388.59,20824124
2019-04-05,2388.47,2408.44,2351.08,2351.08,23736163
2019-04-08,2356.5,2362.51,2349.48,2359.52,14391487
2019-04-09,2364.84,2377.22,2357.72,2367.84,19736792
2019-04-10,2368.97,2391.8,2366.48,2391.8,22589323
2019-04-11,2393.53,2396.5,2371.04,2374.97,16255664
2019-04-12,2381.56,2385.27,2364.83,2366.71,14629625
2019-04-15,2364.12,2372.85,2351.38,2358.19,15284682
2019-04-16,2361.43,2372.18,2357.56,2372.18,21523122
2019-04-17,2374.7,2396.84,2371.3,2378.31,35382692
2019-04-18,2375.24,2375.24,2352.73,2365.36,20175383
2019-04-23,2367.82,2374.48,2361.02,2370.63,10835390
2019-04-24,2371.11,2377.73,2357.21,2372.33,21562740
2019-04-25,2372.75,2372.75,2347.21,2358.76,16941558
2019-04-26,2354.41,2372.25,2352.05,2372.25,13490856
2019-04-29,2377.34,2378.36,2354.99,2368.08,14692822
2019-04-30,2357.54,2360.26,2323.73,2334.21,22858542
2019-05-02,2337.12,2337.12,2317.5,2319.08,15301813
2019-05-06,2301.78,2303.7,2278.96,2290.13,16354805
2019-05-07,2292.05,2293.95,2233.57,2233.8,25055557
2019-05-08,2236.63,2250.19,2217.31,2221.82,22679250
2019-05-09,2218.05,2227.52,2177.76,2179.4,21730364
2019-05-10,2191.75,2210.31,2184.33,2191.91,22665036
2019-05-13,2194.7,2199.9,2153.7,2172.97,19985331
2019-05-14,2184.39,2192.53,2162.4,2163.94,25230002
2019-05-15,2176.3,2181.49,2152.99,2169.18,29226451
2019-05-16,2174.1,2193.89,2162.46,2188.43,21947998
2019-05-17,2187.18,2187.18,2165.97,2184.35,19175312
2019-05-20,2186.97,2189.1,2159.78,2175.51,19882122
2019-05-21,2178.92,2191.28,2173.74,2190.93,22502583
2019-05-22,2193.78,2225.3,2181.14,2214.36,20965698
2019-05-23,2212.6,2212.6,2172.96,2173.09,23235197
2019-05-24,2178.44,2193.7,2175.03,2188.2,18081221
2019-05-27,2191.26,2199.3,2177.84,2189.66,9077091
2019-05-28,2191.17,2215.33,2184.7,2192.87,44697001
2019-05-29,2179.87,2187.54,2162.4,2187.45,32752758
2019-05-30,2190.88,2228.81,2190.88,2221.56,30831212
2019-05-31,2208.43,2239.31,2194.96,2239.31,23223958
2019-06-03,2239.12,2248.09,2227.89,2237.71,15759707
2019-06-04,2237.74,2242.52,2222.32,2233.75,18733701
2019-06-05,2237.23,2242.22,2219.94,2223.27,27022940
2019-06-06,2224.2,2272.07,2222.81,2260.94,43220594
2019-06-07,2260.52,2287.39,2260.52,2280.6,23636701
2019-06-10,2290.4,2296.33,2271.09,2282.51,18082030
2019-06-11,2283.9,2300.92,2275.67,2295.6,29044984
2019-06-12,2290.75,2292.41,2263.68,2282.8,29303418
2019-06-13,2282.72,2310.66,2277.12,2300.2,26105922
2019-06-14,2299.03,2299.09,2283.94,2286.46,20505698
2019-06-17,2286.57,2290.79,2269.87,2276.6,20062371
2019-06-18,2277.52,2325.16,2272.26,2325.16,36181816
2019-06-19,2326.56,2327.46,2316.84,2319.71,22041318
2019-06-21,2324.16,2343.66,2302.71,2308.32,61717378
2019-06-24,2315.79,2332.8,2311.55,2331.08,19030821
2019-06-25,2328.99,2328.99,2296.97,2303.31,29021864
2019-06-26,2308.98,2318.68,2300.51,2317.17,37539552
2019-06-27,2315.73,2347.62,2315.73,2335.13,37401033
2019-06-28,2332.63,2335.26,2323.55,2327.67,19367679
2019-07-01,2338.98,2363.21,2326.49,2329.74,21199057
2019-07-02,2334.6,2341.09,2310.49,2341.09,22876390
2019-07-03,2338.73,2349.15,2330.53,2345.56,19650157
2019-07-04,2350.47,2357.89,2338.9,2356.49,13908735
2019-07-05,2359.39,2359.39,2334.27,2342.01,22830756
2019-07-08,2337.67,2349.35,2326.33,2339.07,22636798
2019-07-09,2325.9,2327.02,2303.2,2312.63,24567522
2019-07-10,2312.32,2340.95,2305.66,2312.77,33895638
2019-07-11,2322.18,2338.33,2308.2,2316.95,23025409
2019-07-12,2323.61,2325.05,2314.42,2315.36,21936314
2019-07-15,2318.56,2334.1,2316.89,2324.21,20051320
2019-07-16,2326.49,2330.5,2317.18,2321.52,30053394
2019-07-17,2317.45,2320.49,2301.63,2306.67,33032265
2019-07-18,2300.65,2324.71,2291.66,2321.41,28496534
2019-07-19,2325.16,2348.86,2325.16,2344.03,28618974
2019-07-22,2345.61,2350.82,2335.3,2342.51,18652552
2019-07-23,2345.76,2348.43,2332.5,2335.86,20204415
2019-07-24,2336.68,2338.95,2327.66,2335.41,22510591
2019-07-25,2341.04,2344.39,2308.32,2310.31,20967100
2019-07-26,2311.51,2314.19,2299.39,2305.79,18087768
2019-07-29,2307.08,2309.53,2282.08,2285.93,15794970
2019-07-30,2273.72,2282.3,2263.92,2263.92,23157688
2019-07-31,2264.64,2285.25,2263.61,2277.37,29655346
2019-08-01,2273.24,2280.8,2236.98,2240.78,27029469
2019-08-02,2232.92,2233.03,2216.51,2216.51,19929333
2019-08-05,2211.89,2211.89,2164.06,2164.14,25318260
2019-08-06,2169.08,2182.2,2155.33,2156.23,28115391
2019-08-07,2163.21,2173.56,2124.85,2138.23,28871726
2019-08-08,2153.17,2169.27,2152.26,2158.88,22715284
2019-08-09,2165.34,2165.83,2119.89,2127.61,26950992
2019-08-12,2134.55,2140.84,2104.12,2109.73,16353035
2019-08-13,2095.17,2153.16,2085.61,2140.19,26859051
2019-08-14,2134.28,2134.48,2078.39,2078.39,25515986
2019-08-16,2085.34,2096.94,2055.7,2064.12,27565519
2019-08-19,2078.8,2110.19,2078.8,2102.23,19005749
2019-08-20,2104.97,2116.59,2087.21,2110.11,23036456
2019-08-21,2108.37,2129.57,2103.87,2105.88,16864747
2019-08-22,2108.88,2126.87,2097,2108.05,22403019
2019-08-23,2115.16,2128.1,2081.07,2103.68,16625572
2019-08-26,2092.33,2109.42,2077.82,2098.41,14030010
2019-08-27,2101.19,2107,2076.51,2095.45,47792244
2019-08-28,2098.88,2107.28,2044.86,2051.44,21934128
2019-08-29,2050.87,2075.4,2047.94,2069.33,18065804
2019-08-30,2072.65,2136.79,2069.86,2135.25,26051393
2019-09-02,2138.35,2147.13,2131.32,2144.48,10916739
2019-09-03,2140.74,2140.74,2097.66,2107.16,18870993
2019-09-04,2122.06,2136.41,2102.36,2102.73,29898106
2019-09-05,2111.47,2122.76,2088.88,2106.89,24072521
2019-09-06,2111.05,2129.97,2108.64,2122.6,17296749
2019-09-09,2124.96,2174.41,2124.96,2174.41,24031978
2019-09-10,2173.79,2189.02,2168.72,2187.8,27349052
2019-09-11,2186.08,2202.44,2179,2189.21,23652931
2019-09-12,2191.97,2205.99,2174.51,2189.07,21926693
2019-09-13,2188.73,2210.7,2187.43,2200.95,16091161
2019-09-16,2198.63,2217.84,2188.3,2217.84,25331963
2019-09-17,2212.71,2214.48,2184.9,2192.71,27699795
2019-09-18,2192.83,2206.8,2186.03,2205.02,25058550
2019-09-19,2200.07,2200.07,2184.93,2191.61,17058693
2019-09-20,2190,2198.29,2164.13,2171.75,47921900
2019-09-23,2167.32,2171.39,2139.34,2147.32,22067731
2019-09-24,2153.62,2183.13,2150.85,2175.24,17408621
2019-09-25,2170.22,2170.22,2144.63,2159.68,20185921
2019-09-26,2161.97,2177.07,2159.78,2172.47,19182144
2019-09-27,2175.46,2190.53,2170.54,2186.31,12465462
2019-09-30,2188.31,2188.77,2162.2,2173.29,16427282
2019-10-01,2175.98,2175.98,2148.55,2152.5,18577628
2019-10-02,2148.62,2148.62,2098.28,2098.28,18837261
2019-10-03,2091.15,2129.53,2076.45,2099.3,24703068
2019-10-04,2101.64,2124.78,2101.64,2121.16,17504852
2019-10-07,2126.9,2126.9,2110.11,2121.87,13984162
2019-10-08,2121.85,2135.75,2113.93,2131.83,19639702
2019-10-09,2136.45,2142.51,2126.6,2134.37,15836471
2019-10-10,2134.52,2136.96,2113.87,2122.99,18221562
2019-10-11,2126.11,2160.85,2125.66,2159.91,16428054
2019-10-14,2162.23,2163.42,2143.33,2148.53,15537342
2019-10-15,2156.95,2161.73,2146.79,2154.8,21337309
2019-10-16,2153.26,2167.1,2151.57,2156.06,22408366
2019-10-17,2160.43,2181.94,2154.17,2173.75,17705640
2019-10-18,2167.19,2168.49,2149.61,2164.75,18868273
2019-10-21,2164.82,2184.64,2160.39,2183.25,16187834
2019-10-22,2184,2212.19,2177.25,2212.15,19247868
2019-10-23,2206.89,2209.58,2198.75,2208.54,13809112
2019-10-24,2206.18,2216.33,2195.82,2208.36,19413477
2019-10-25,2206.68,2206.68,2172.44,2175.27,19871079
2019-10-28,2175.3,2215.02,2175.3,2211.8,17157695
2019-10-29,2210.54,2228.28,2203.17,2227.93,26631371
2019-10-30,2227.02,2230.72,2219.18,2227.38,17684847
2019-10-31,2235.68,2236.95,2188.99,2194.1,26160384
2019-11-04,2208.61,2264.06,2208.61,2264.06,30023628
2019-11-05,2263.6,2279.64,2257.69,2272.45,23389924
2019-11-06,2267.95,2269.98,2255.34,2255.34,17542217
2019-11-07,2260.78,2277.18,2260.78,2272.17,26649994
2019-11-08,2269.51,2269.51,2252.85,2255.46,31730968
2019-11-12,2259.75,2266.23,2245.4,2248.81,26636582
2019-11-13,2250.07,2250.31,2228.03,2235.52,33577800
2019-11-14,2235.67,2245.84,2223.56,2226.15,22560490
2019-11-15,2225.99,2238.11,2225.77,2233.87,13701198
2019-11-18,2239.37,2244.64,2220.25,2229.92,18060604
2019-11-19,2230.15,2232.47,2201.64,2207.25,21477461
2019-11-20,2204.41,2204.41,2175.68,2194.58,20561742
2019-11-21,2192.19,2192.19,2164.04,2179.53,20451018
2019-11-22,2179.44,2198.56,2176.33,2188.24,18022561
2019-11-25,2191.79,2204.09,2191.79,2197.54,16689797
2019-11-26,2199.69,2199.69,2177.73,2190.58,60977882
2019-11-27,2192.17,2196.5,2175.07,2181.33,17171821
2019-11-28,2178.33,2178.33,2159.9,2169.09,12147615
2019-11-29,2164.72,2170.47,2154.94,2158.94,14547586
2019-12-02,2163.48,2168.85,2121.16,2122.3,25649378
2019-12-03,2122.97,2123.47,2088.77,2089.92,21505028
2019-12-04,2093.25,2113.13,2078.1,2081.89,24257697
2019-12-05,2088,2103.69,2078.98,2092.12,22123687
2019-12-06,2087.82,2088.62,2055.68,2073.11,42639852
2019-12-09,2073.42,2073.42,2051.04,2066.55,17670932
2019-12-10,2066.43,2070.22,2040.78,2054.11,18788888
2019-12-11,2056.17,2064.5,2034.48,2047.34,23865513
2019-12-12,2056.35,2102.19,2055.54,2102.19,28647605
2019-12-13,2112.27,2123.34,2103.58,2106.51,27117185
2019-12-16,2107.39,2120.23,2104.16,2112.93,22019873
2019-12-17,2115.87,2139.47,2114.19,2132.25,32730028
2019-12-18,2137.7,2137.7,2112.21,2131.85,30289630
2019-12-19,2132.53,2134.36,2123.81,2133.72,21895451
2019-12-20,2131.61,2138.37,2123.99,2128.04,57317354
2019-12-23,2128.71,2142.91,2124.87,2142.54,15089151
2019-12-27,2145.77,2167.47,2145.77,2151.74,12081456
2019-12-30,2151.48,2160.23,2147.58,2150.09,11041276
2020-01-02,2161.55,2200.57,2161.42,2200.1,21369888
2020-01-03,2192.31,2192.31,2159.03,2173.97,20627251
2020-01-07,2171.72,2176.8,2143.11,2145.01,19556434
2020-01-08,2140.29,2140.29,2114.24,2115.99,20739943
2020-01-09,2132.02,2157.61,2132.02,2157.61,19887696
2020-01-10,2161.6,2167.91,2150.83,2167.91,16496395
2020-01-13,2170.86,2194.42,2167.33,2194.42,22067379
2020-01-14,2194.88,2194.88,2174.44,2182.96,29388336
2020-01-15,2180.55,2183.85,2158.36,2165.08,22745340
2020-01-16,2170.39,2179.43,2163.83,2173.74,20756877
2020-01-17,2172.14,2181.62,2147.94,2175.95,19782963
2020-01-20,2178.31,2183.84,2173.92,2178.06,15631644
2020-01-21,2174.93,2174.93,2152.62,2158.04,18927569
2020-01-22,2168.44,2172.76,2144.68,2146.56,27440004
2020-01-23,2144.56,2159.55,2141.62,2148.41,22561743
2020-01-24,2150.57,2166.31,2150.57,2154.28,17630461
2020-01-27,2141.68,2141.68,2083.69,2083.79,20984119
2020-01-28,2089.16,2105.76,2083.54,2098.04,17437951
2020-01-29,2099.3,2114.31,2090.41,2098.18,25644144
2020-01-30,2078.74,2093.68,2064.09,2079.98,23189128
2020-01-31,2085.41,2087.93,2052.68,2065.9,38290087
2020-02-03,2062.33,2077.58,2050.91,2072.88,25394120
2020-02-04,2082.19,2115.25,2081.81,2106.63,32249751
2020-02-05,2106.64,2133.91,2102.45,2122.91,21929283
2020-02-06,2128.24,2138.87,2105.59,2111.76,23411969
2020-02-07,2107.43,2110.2,2092.36,2110.2,18963173
2020-02-10,2108.67,2112.78,2087.72,2092.89,16134600
2020-02-11,2099.2,2114.89,2094.39,2107.4,21356120
2020-02-12,2120.01,2132.78,2115.92,2126.31,21380076
2020-02-13,2125.22,2125.22,2096.14,2120.07,19110037
2020-02-14,2126.64,2131.28,2111.22,2115.29,20893159
2020-02-17,2125.14,2131.6,2117.45,2121.14,14217981
2020-02-18,2112.15,2118.48,2103.76,2113.49,13882294
2020-02-19,2116.32,2122.67,2097.07,2115.18,21465468
2020-02-20,2115.39,2116.08,2098.12,2099.88,20482243
2020-02-21,2095.8,2106.18,2084.55,2088.53,16533483
2020-02-24,2070.66,2070.66,1997.84,2000.9,25032229
2020-02-25,2000.65,2007.34,1945.71,1945.71,32357249
2020-02-26,1942.66,1957.64,1906.06,1933.51,33550737
2020-02-27,1926.15,1927.44,1833.92,1850.61,33425936
2020-02-28,1817.79,1817.79,1735.37,1768.91,70088832
2020-03-02,1807.25,1840.57,1765.43,1807.7,40207534
2020-03-03,1827.36,1906.87,1827.36,1889.67,39063455
2020-03-04,1882.71,1894.23,1857.9,1860.95,28135069
2020-03-05,1879.11,1893.88,1822.76,1822.85,25502227
2020-03-06,1808.36,1808.36,1749.7,1764.81,34436845
2020-03-09,1685.28,1697.38,1609.08,1625.99,40494707
2020-03-10,1643.34,1657.09,1594.07,1599.48,39334266
2020-03-11,1607.3,1616.03,1495.87,1505.64,44940270
2020-03-12,1450.71,1450.71,1305.73,1305.73,57193099
2020-03-13,1334.37,1442.72,1315.96,1365.97,74136137
2020-03-16,1342.4,1356.01,1248.77,1341.54,64568981
2020-03-17,1370.79,1446.74,1355.07,1429.28,81569696
2020-03-18,1425.27,1465.58,1376.75,1401.29,78265426
2020-03-19,1406.71,1469.43,1386.83,1469.43,51612015
2020-03-20,1502.14,1547.74,1476.65,1488.42,109516157
2020-03-23,1461.22,1463.93,1400.71,1405.45,43978401
2020-03-24,1449.34,1473.02,1424.14,1451.02,37402637
2020-03-25,1487.75,1505.79,1413.22,1441.83,47382329
2020-03-26,1431.53,1492.87,1410.91,1492.01,36791461
2020-03-27,1494.31,1499.62,1465.48,1475.9,33221292
2020-03-30,1482.1,1484.62,1443.16,1477.65,28425038
2020-03-31,1486.89,1523.49,1484.33,1512.84,59768681
2020-04-01,1495.43,1500.43,1473.64,1482.42,36501160
2020-04-02,1490.41,1501.33,1464.86,1491.55,48115276
2020-04-03,1492.1,1509.07,1474.44,1506.48,49706290
2020-04-06,1534.81,1585.04,1534.81,1581.05,45607978
2020-04-07,1602.14,1655.29,1602.14,1603.5,64702693
2020-04-08,1602.33,1619.63,1567.84,1579.18,55926360
2020-04-09,1596.79,1619.77,1579.72,1615.72,50387984
2020-04-14,1631.5,1664.53,1625.89,1662.4,46442620
2020-04-15,1669.23,1673.58,1602.31,1606.21,50591639
2020-04-16,1610.81,1617.55,1589.83,1597.9,43492790
2020-04-17,1618.42,1633.53,1612.01,1625.59,41660521
2020-04-20,1629.69,1643.87,1604.98,1640.06,28317660
2020-04-21,1631.4,1631.4,1572.05,1573.44,33518434
2020-04-22,1574.07,1609.82,1554.34,1605.12,32625994
2020-04-23,1609.41,1626.82,1589.64,1626.1,30890017
2020-04-24,1617.91,1627.49,1601.91,1601.91,26303916
2020-04-27,1614.29,1624.69,1580.48,1591.97,34025549
2020-04-28,1590.34,1622.8,1579.94,1594.25,37309050
2020-04-29,1601.65,1656.4,1600.78,1651.33,35813382
2020-04-30,1661.23,1682.13,1636.35,1648.68,46692062
2020-05-04,1630.24,1630.24,1597.7,1600.65,23786804
2020-05-05,1609.04,1616.34,1591.58,1598.84,22424621
2020-05-06,1604.6,1606.44,1565.07,1567.98,34612015
2020-05-07,1572.16,1602.76,1559.06,1587.35,21763522
2020-05-08,1600.54,1614.18,1599.51,1606.5,15375851
2020-05-11,1614.21,1619.36,1581.5,1587.31,17939326
2020-05-12,1589.69,1624.52,1584.01,1622.51,29571887
2020-05-13,1615.9,1634.77,1607,1614.32,24392087
2020-05-14,1605.68,1605.68,1559.52,1579.16,26391998
2020-05-15,1585.51,1597.04,1568.38,1572.55,18369715
2020-05-18,1585.92,1639.08,1585.92,1639.08,29449606
2020-05-19,1651.08,1658.34,1629.29,1640.18,24494948
2020-05-20,1640.26,1662.2,1634.44,1652.64,24022509
2020-05-21,1651.03,1653.92,1636.24,1637.84,22155298
2020-05-22,1632.27,1635.98,1617.76,1630.44,19967851
2020-05-25,1639.26,1650.39,1634.34,1644.74,12109905
2020-05-26,1657.26,1712.64,1657.26,1709.71,58196613
2020-05-27,1713.73,1763.02,1705.09,1707.59,59902537
2020-05-28,1722.43,1757.78,1694.6,1718.45,59312587
2020-05-29,1718.19,1722.65,1699.32,1722.65,76818422
2020-06-01,1733.13,1749.58,1722.77,1733.52,36707001
2020-06-02,1735.86,1739.48,1722.5,1736.36,48471712
2020-06-03,1741.91,1780.86,1741.36,1766.85,61762561
2020-06-04,1765.6,1786.58,1755.73,1786.58,48701312
2020-06-05,1794.38,1847.95,1794.38,1842.47,59248870
2020-06-08,1842.22,1852.69,1813.02,1841.25,47827333
2020-06-09,1848.11,1856.66,1811.96,1835.59,63659384
2020-06-10,1840.1,1846.29,1817.06,1841.18,99913864
2020-06-12,1792.35,1812.33,1754.16,1788.83,89471276
2020-06-15,1767.35,1767.35,1735.27,1741.47,89293321
2020-06-16,1765.17,1811.7,1765.17,1798,66678393
2020-06-17,1807.91,1812.65,1780.94,1787.81,50197464
2020-06-18,1787.9,1804.13,1780.45,1795.86,75865507
2020-06-19,1791.68,1809.23,1791.68,1807.85,91765353
2020-06-22,1805.25,1807.19,1786.99,1797.05,43852662
2020-06-23,1807.1,1847.33,1806.21,1825.99,44376322
2020-06-24,1830.39,1836.89,1784.23,1784.23,38481948
2020-06-25,1781.84,1798.8,1759.21,1793.36,33804564
2020-06-26,1799.33,1800.49,1759.37,1759.43,27866129
2020-06-29,1758.46,1771.21,1750.91,1769.47,32076105
2020-06-30,1770.24,1777.07,1754.41,1758.82,33776211
2020-07-01,1760.72,1774.79,1739.93,1772.38,30478139
2020-07-02,1778.45,1809.74,1778.45,1804.01,36329707
2020-07-03,1811.07,1812.22,1796.23,1800.96,15910650
2020-07-06,1820.81,1833.77,1808.34,1818.55,21278639
2020-07-07,1816.46,1816.46,1794.61,1800.93,21869632
2020-07-08,1797.88,1797.88,1780.87,1788.22,18721169
2020-07-09,1791.68,1802.31,1789.08,1791.68,23146063
2020-07-10,1781.84,1797.27,1772.5,1797.27,19017746
2020-07-13,1806.55,1814.47,1799.91,1801.64,22254102
2020-07-14,1797.85,1798.4,1763.64,1771.7,37539275
2020-07-15,1783.18,1798.58,1779.98,1794.78,31622756
2020-07-16,1791.04,1799.18,1780.17,1799.08,24143168
2020-07-17,1800.7,1800.7,1785.44,1796.04,28251410
2020-07-20,1795.09,1840.6,1789.04,1840.6,43201680
2020-07-21,1852.56,1884.22,1840.87,1845.34,63348457
2020-07-22,1844.74,1847,1830.61,1830.61,28036885
2020-07-23,1837.64,1842.84,1817.78,1820.25,22437877
2020-07-24,1809.5,1810.65,1790.53,1810.33,20018033
2020-07-27,1811.4,1833.8,1805.84,1830.87,29472596
2020-07-28,1831.03,1841.46,1806.06,1823.52,33304887
2020-07-29,1819.4,1828.24,1804.21,1824.53,26311655
2020-07-30,1827.17,1827.17,1762.74,1763.22,38548780
2020-07-31,1767.31,1793.13,1765.42,1767.54,36031300
2020-08-03,1769.31,1815.5,1768.56,1804.38,20034373
2020-08-04,1813.7,1831.17,1804.3,1811.46,20228370
2020-08-05,1819.96,1844.2,1819.96,1833.2,24197285
2020-08-06,1834.67,1841.68,1810.63,1818.64,19951007
2020-08-07,1818.62,1824.29,1809.07,1817.23,21923481
2020-08-10,1822.48,1832.65,1812.95,1823.15,16618758
2020-08-11,1830.21,1857.95,1822.13,1847.73,23937974
2020-08-12,1848.54,1856.84,1839.14,1855.86,17234179
2020-08-13,1856.65,1881.46,1854.78,1858.35,14609934
2020-08-14,1857.47,1857.47,1840.77,1856.56,10708465
2020-08-17,1856.46,1865.94,1844.3,1862.12,12788540
2020-08-18,1859.11,1859.11,1837.2,1840.33,19937166
2020-08-19,1838.62,1847.84,1831.01,1833.22,14295005
2020-08-20,1829.52,1829.52,1811.88,1815.03,12587398
2020-08-21,1824.52,1831.28,1813.79,1820.6,13127705
2020-08-24,1830.14,1843.75,1827.39,1841.46,13217103
2020-08-25,1847.98,1858.14,1820.34,1821.29,14759246
2020-08-26,1817.91,1848.77,1815.16,1848.35,14166893
2020-08-27,1846.42,1854.84,1833.9,1846.5,13555934
2020-08-28,1842.36,1850.46,1826.96,1829.79,13671826
2020-08-31,1832.66,1839.06,1793.96,1800.21,33678644
2020-09-01,1803.77,1807.77,1768.12,1772.61,30289284
2020-09-02,1777.15,1796.8,1777.15,1785.44,32157278
2020-09-03,1787.62,1805.22,1764.04,1769.19,26372468
2020-09-04,1754.65,1773.65,1743.89,1758.11,19736509
2020-09-07,1765.37,1780.44,1761.96,1772.85,16043227
2020-09-08,1778.86,1781.04,1720.07,1733.88,33898058
2020-09-09,1735.58,1775.98,1735.58,1773.37,22514088
2020-09-10,1776.48,1783.39,1751.06,1764.86,17665600
2020-09-11,1767.42,1777.91,1764.66,1772.89,15962793
2020-09-14,1783.55,1787.9,1757.93,1758.65,20624696
2020-09-15,1760.55,1764.38,1737.55,1743.93,32465157
2020-09-16,1746.94,1750.73,1731.28,1738.1,27367678
2020-09-17,1736.81,1745.87,1714.95,1745.73,31087178
2020-09-18,1745.91,1751.25,1729.3,1731.76,48976787
2020-09-21,1724.89,1753.5,1682.26,1682.26,51949697
2020-09-22,1689.6,1704.4,1682.55,1693.09,31717311
2020-09-23,1701.26,1712.27,1684.92,1685.4,25995393
2020-09-24,1677.73,1679.59,1657.57,1665.96,24207229
2020-09-25,1666.65,1678.51,1658.33,1674.14,44107627
2020-09-28,1686.57,1738.44,1686.57,1738.44,37983678
2020-09-29,1737.48,1737.48,1718.21,1718.21,21346383
2020-09-30,1713.01,1719.15,1700.49,1712.73,25682893
2020-10-01,1719.55,1723.85,1687.54,1694.18,22310007
2020-10-02,1690.04,1704.58,1675.2,1697.39,18298699
2020-10-05,1710.14,1739.17,1710.14,1731.85,20264194
2020-10-06,1739.86,1749.28,1733.17,1735.45,26458687
2020-10-07,1736.62,1741.18,1715.75,1736.61,23829671
2020-10-08,1742.29,1746.68,1711.56,1719.91,22047535
2020-10-09,1718.45,1718.45,1679.01,1698.91,27423797
2020-10-12,1701.76,1707.3,1681.87,1683.21,25089668
2020-10-13,1685.25,1685.25,1659.1,1660.12,26031951
2020-10-14,1658.04,1691.64,1657.9,1670.26,33451091
2020-10-15,1660.64,1660.64,1625.1,1627.59,31769308
2020-10-16,1635.02,1665.8,1635.02,1655.36,37750985
2020-10-19,1663.75,1681.74,1640.82,1648.11,22941451
2020-10-20,1647.95,1667.16,1638.2,1656.34,23654536
2020-10-21,1656.97,1663.23,1634.28,1641.42,21076142
2020-10-22,1634.69,1664.37,1627.13,1642.7,27413508
2020-10-23,1643.34,1661.16,1638.76,1645.32,61467814
2020-10-26,1635.49,1645.46,1627.61,1631.66,21450891
2020-10-27,1635.42,1653.11,1612.59,1625.54,29281825
2020-10-28,1605.43,1610.05,1534.87,1549.74,39349601
2020-10-29,1557.47,1567.72,1529.15,1542.76,36970182
2020-10-30,1528.78,1535.27,1496.76,1515.97,40057456
2020-11-02,1526.2,1563.93,1526.2,1556.14,35369810
2020-11-03,1564.86,1636.9,1564.75,1636.28,42706867
2020-11-04,1622.29,1641.78,1590.72,1640.94,32893579
2020-11-05,1654.61,1678.4,1649.07,1670.43,29239154
2020-11-06,1665.72,1702.98,1654.6,1697.49,29419624
2020-11-09,1707.52,1788.27,1697.78,1765.71,59970055
2020-11-10,1768.9,1794.79,1741.62,1779.34,55221876
2020-11-12,1777.24,1791.08,1761.91,1771.49,52043843
2020-11-13,1768.19,1768.51,1743.81,1749.41,25817243
2020-11-16,1764.1,1799.36,1764.1,1799.02,46540695
2020-11-17,1797.57,1801.73,1775.91,1793.56,38779648
2020-11-18,1792.17,1812.8,1787.08,1810.43,31034452
2020-11-19,1803.49,1806.98,1782.02,1789.79,25264725
2020-11-20,1788.48,1821.3,1780.11,1820.85,24018420
2020-11-23,1835.53,1860.73,1823.32,1832.04,26237893
2020-11-24,1841.11,1861.39,1831.12,1859.42,26738682
2020-11-25,1866.15,1866.15,1840.63,1860.15,28023478
2020-11-26,1865.67,1873.96,1844.11,1849.57,17687253
2020-11-27,1846.73,1853.78,1834.69,1852.69,20434292
2020-11-30,1845.96,1851.37,1817.83,1830.04,70547131
2020-12-01,1844.33,1871.17,1844.33,1853.38,26822976
2020-12-02,1855.33,1899.37,1845.44,1897.97,27335738
2020-12-03,1900.94,1903.32,1880.22,1890.11,29798820
2020-12-04,1894.4,1952.28,1894.35,1947.68,28408098
2020-12-07,1949.61,1965.92,1926.87,1958.53,32118759
2020-12-08,1941.14,1970.27,1933.68,1970.27,33485126
2020-12-09,1976.65,2023.91,1976.65,1994.12,57962389
2020-12-10,1995.63,2008.96,1975.26,1984,40469559
2020-12-11,1985.51,1992.09,1927.53,1950.85,38524912
2020-12-14,1956.48,1961.77,1916.03,1939.07,34170734
2020-12-15,1938.79,1963.56,1933.23,1955.69,27794678
2020-12-16,1963.84,1996.4,1963.84,1985.26,34099333
2020-12-17,1997.91,2014.44,1949.99,1975.76,43583349
2020-12-18,1981.62,1983.94,1947.14,1952.54,61279348
2020-12-21,1929.14,1935.22,1851.23,1888.8,39620662
2020-12-22,1896.48,1931.66,1896.29,1928.4,19823032
2020-12-23,1934.03,1958.16,1927.07,1955.84,18891251
2020-12-28,1969.45,2005.62,1969.45,2004.41,24154610
2020-12-29,2015.02,2033.03,2002.58,2016.01,19087767
2020-12-30,2019.48,2019.48,1982.15,1983.98,24178229
2021-01-04,1994.28,2020.04,1991.46,2008.75,29391914
2021-01-05,2004.64,2031.72,1994.13,2009.12,29859492
2021-01-07,2040.48,2074.11,2028.43,2074.11,38310140
2021-01-08,2080.5,2095.67,2060.2,2072.74,42476821
2021-01-11,2067.33,2100.33,2043.05,2066.97,30637504
2021-01-12,2073.81,2086.11,2026.96,2043.73,25292386
2021-01-13,2050.24,2058.87,2009.42,2023.36,38715146
2021-01-14,2023.83,2037.57,2019.66,2031.71,25101624
2021-01-15,2026.35,2031.08,1969.41,1985.68,31251321
2021-01-18,1985.59,2023.74,1970.06,2023.74,32644709
2021-01-19,2034.26,2047.11,1980.12,1980.12,32703284
2021-01-20,1983.49,1998.43,1960.82,1986.09,26554080
2021-01-21,1997.58,2007.64,1948.97,1953.49,25603661
2021-01-22,1945.01,1965.14,1934.61,1952.67,21137609
2021-01-25,1961.37,1966.76,1927.45,1945.78,22893278
2021-01-26,1936.78,1988.24,1932.69,1981.98,28113053
2021-01-27,1981.07,1998.12,1916.09,1929.21,40978113
2021-01-28,1913.71,1992.75,1885.24,1987.83,37513695
2021-01-29,1965.76,1985.52,1938.85,1948.01,37304929
2021-02-01,1960.96,1975.94,1945.82,1967.72,23103200
2021-02-02,1973.17,1981.43,1942.6,1954.02,24581125
2021-02-03,1961.77,1973.74,1934.98,1940.69,24774710
2021-02-04,1945.6,1961.12,1924.95,1927.02,20882741
2021-02-05,1937.72,1971.28,1934.96,1957.73,19158536
2021-02-08,1970.16,1975.67,1948.48,1952.1,21296631
2021-02-09,1954.67,1958.14,1935.49,1941.6,18996916
2021-02-10,1947.63,1954.36,1910.15,1917.54,18762570
2021-02-11,1922.62,1961.69,1922.62,1954.92,19738332
2021-02-12,1951.43,1953.69,1919.72,1937.07,15010320
2021-02-15,1946.97,1980.77,1946.97,1974.82,16077432
2021-02-16,1977.89,2022.16,1976.58,2004.54,32788225
2021-02-17,2005.98,2008.2,1980.26,1986.8,28844185
2021-02-18,1990.16,2020.46,1978.88,1980.77,34651110
2021-02-19,1985.99,1998.69,1971.8,1985.31,28897488
2021-02-22,1978.7,1978.7,1958.36,1961.62,23606217
2021-02-23,1969.01,1976.38,1896.36,1922.59,31468184
2021-02-24,1926.18,1954.22,1924.64,1937.9,27510835
2021-02-25,1955.61,1967.63,1936.13,1936.47,32921467
2021-02-26,1912.25,1928.9,1888.55,1907.28,54393669
2021-03-01,1925.94,1950.47,1917.58,1949.57,29771537
2021-03-02,1947.45,1969.69,1938.13,1959.52,28968252
2021-03-03,1963.17,1989.78,1936.22,1943.24,29320923
2021-03-04,1935.36,1951.02,1914.5,1944.86,28794383
2021-03-05,1940.32,1952.97,1927.59,1939.59,28372033
2021-03-08,1950.85,1968.14,1944.49,1965.25,26761610
2021-03-09,1966.81,2010.33,1962.85,1994.18,36782773
2021-03-10,1997.63,2017.62,1997.63,2003.55,31707267
2021-03-11,2012.36,2020.76,1983.64,1994.38,24282633
2021-03-12,1993.99,2012.91,1983.11,2006.11,19551862
2021-03-15,2012.38,2029.17,1997.76,2001.24,19977025
2021-03-16,2005.15,2012.84,1977.17,1981.41,23579214
2021-03-17,1976.47,1976.47,1912.98,1939.01,68185874
2021-03-18,1941.91,1966.9,1938.05,1960.75,30624111
2021-03-19,1950.51,1954.88,1925.51,1927.56,68167135
2021-03-22,1921.5,1949.37,1921.5,1929.12,36853145
2021-03-23,1933.56,1934.37,1905.9,1923.55,22752449
2021-03-24,1910.28,1910.73,1888.36,1899.95,29081150
2021-03-25,1901.84,1911.57,1868.06,1876.85,31149337
2021-03-26,1891.11,1925.48,1887.67,1918.71,21565125
2021-03-29,1922.29,1955.75,1922.29,1953.02,25516439
2021-03-30,1963.34,1969.48,1935.9,1942.32,20454418
2021-03-31,1949,1954.4,1927.77,1938.84,30610955
2021-04-01,1942.53,1959.19,1937.14,1954.38,28609547
2021-04-06,1965.18,2012.87,1965.18,2012.87,32044519
2021-04-07,2012.08,2012.08,1990.15,1998.73,24860675
2021-04-08,2004.55,2006.99,1971.26,1980.32,25515138
2021-04-09,1981.23,1987.55,1964.05,1975.11,40173617
2021-04-12,1975.05,1983.85,1961.61,1982.58,54894971
2021-04-13,1983.4,1991.19,1967.7,1974.73,27867868
2021-04-14,1986.19,2011.96,1986.19,2011.96,28771239
2021-04-15,2015.11,2024.65,2002.04,2019.29,24157915
2021-04-16,2019.5,2026.55,2001.71,2012.27,27393764
2021-04-19,2016.04,2039.72,1994.85,1998.99,28602378
2021-04-20,2001.93,2013.61,1983.45,1987.76,26617959
2021-04-21,1987.94,1988.36,1968.98,1982.4,24041767
2021-04-22,1986.54,2004.64,1986.54,1989.73,19124940
2021-04-23,1990.18,1990.8,1961.71,1986.63,25703721
2021-04-26,1994.54,2005.1,1978.87,2005.1,18115877
2021-04-27,2006.17,2013.57,1996.4,1998.92,19353337
2021-04-28,2000.4,2033.79,2000.18,2029.64,43348305
2021-04-29,2043.59,2081.94,2040.02,2050.69,47082277
2021-04-30,2061,2065.47,2037.2,2037.59,26433739
2021-05-04,2046.24,2046.24,1999.81,2004.04,24344348
2021-05-05,2015.97,2052.17,2014.52,2047.36,21524165
2021-05-06,2053.2,2076.8,2040.4,2046.67,26381173
2021-05-07,2061.36,2099.19,2061.36,2097.31,25894358
2021-05-10,2115.79,2142.57,2108.34,2115.7,25939816
2021-05-11,2108.43,2116.51,2078.1,2110.48,46957921
2021-05-12,2112.89,2123.47,2084.77,2091.39,26482981
2021-05-13,2083.41,2095.86,2049.81,2089.32,32197745
2021-05-14,2096.96,2103.3,2062.64,2092.8,23112476
2021-05-17,2102.62,2129.99,2102.62,2128.49,22925971
2021-05-18,2142.32,2154.13,2132.83,2136.54,28209944
2021-05-19,2123.9,2129.88,2107.33,2115.15,26382848
2021-05-20,2121.01,2134.93,2100.73,2131.18,32573106
2021-05-21,2130.95,2149.09,2126.3,2139.06,29825932
2021-05-24,2138.36,2139.33,2127.3,2134.18,19811702
2021-05-25,2144,2157.82,2131.94,2153.78,28525966
2021-05-26,2156.44,2172.5,2143.24,2164.89,33872897
2021-05-27,2167.52,2208.23,2165.53,2207.47,45274348
2021-05-28,2210.53,2237.01,2210.53,2236.31,27207857
2021-05-31,2237.25,2250.45,2227.27,2233.36,16710681
2021-06-01,2234.87,2268.18,2226.59,2233.37,23316200
2021-06-02,2234.69,2253.32,2233.99,2252.26,24449542
2021-06-04,2252.84,2261.39,2230.69,2254.59,25159845
2021-06-07,2254.62,2273.28,2245.49,2246.63,21167875
2021-06-08,2241.03,2247.11,2223.2,2237.61,25075401
2021-06-09,2239.73,2245.08,2215.18,2218.45,21212349
2021-06-10,2217.7,2242.7,2210.07,2236.89,22443207
2021-06-11,2238.75,2239.3,2224.15,2224.67,17318263
2021-06-14,2229.99,2253.2,2228.81,2253.2,12595787
2021-06-15,2262.55,2269.21,2230.1,2230.37,22220763
2021-06-16,2232.65,2244.07,2225.14,2225.27,24201593
2021-06-17,2215.45,2221.62,2204.74,2211.58,23153328
2021-06-18,2208.65,2224.42,2203.47,2220.68,50664709
2021-06-21,2210.86,2223.35,2189.24,2219.45,13477870
2021-06-22,2226.22,2234.65,2204.52,2220.53,17203459
2021-06-23,2222.93,2238.66,2217.36,2233.7,12351867
2021-06-24,2237.56,2276.77,2233.03,2273.11,21554467
2021-06-25,2271.93,2291.37,2269.55,2282.46,18348780
2021-06-28,2280.67,2293.02,2260.4,2285.81,14426441
2021-06-29,2281.71,2283.15,2251.62,2258.24,20798623
2021-06-30,2257.62,2264.36,2218.41,2218.41,30173446
2021-07-01,2223.84,2255.33,2223.84,2250.58,26314023
2021-07-02,2258.56,2269.4,2249.91,2252.18,15005220
2021-07-05,2255.07,2264.33,2254.01,2258.82,11132054
2021-07-06,2262.83,2268.55,2228.46,2228.46,15379686
2021-07-07,2234.52,2292.49,2234.52,2285.79,24212292
2021-07-08,2280.62,2280.62,2230.62,2234.6,23271241
2021-07-09,2241.61,2258.77,2233.98,2251.78,14565701
2021-07-12,2253.56,2262.35,2244.1,2255.48,17277109
2021-07-13,2259,2279.4,2258.36,2264.26,16105173
2021-07-14,2266.88,2280.19,2262.99,2268.57,17337649
2021-07-15,2268.01,2281.76,2255.35,2260.49,15890564
2021-07-16,2260.8,2272.02,2253.48,2258.1,13641051
2021-07-19,2254.48,2254.48,2196.01,2205.86,19846274
2021-07-20,2210.63,2223.97,2198.29,2221.28,17111977
2021-07-21,2215.48,2254.33,2215.48,2241.97,17379197
2021-07-22,2247.69,2252.95,2226.21,2229.86,10955990
2021-07-23,2234.32,2243.32,2232.83,2242.41,15031889
2021-07-26,2249.57,2250.75,2221.14,2240.65,12551639
2021-07-27,2241.05,2241.05,2214.24,2224.59,10721069
2021-07-28,2223.2,2249.22,2217.76,2245.76,13816872
2021-07-29,2257.08,2268.3,2257.08,2265.69,16331619
2021-07-30,2254.07,2258.76,2244.23,2253.45,22442567
2021-08-02,2261.61,2266.44,2248.02,2253.28,11744901
2021-08-03,2261.94,2272.82,2249.63,2257.73,15649057
2021-08-04,2262.05,2280.65,2261.6,2272.09,12490010
2021-08-05,2270.83,2275.58,2259.76,2270.67,15519749
2021-08-06,2272.53,2276,2255.61,2273.89,14713184
2021-08-09,2271.56,2279.9,2267.14,2274.48,10389346
2021-08-10,2275.63,2284.79,2268.38,2277.23,12813345
2021-08-11,2272.93,2283.69,2261.47,2283.69,16177824
2021-08-12,2281.08,2297.72,2277.19,2297.72,16571243
2021-08-13,2298.99,2302.1,2290.22,2302.03,11448729
2021-08-16,2289.95,2297.14,2280.31,2282.1,10658701
2021-08-17,2282.7,2300.04,2279.19,2300.04,15600846
2021-08-18,2300.19,2301.58,2275.03,2284.97,13451422
2021-08-19,2270.18,2270.95,2240.78,2260.02,19682281
2021-08-20,2263.51,2263.51,2247.35,2255.56,14205373
2021-08-23,2264.45,2290.92,2264.45,2287.52,21319939
2021-08-24,2293.79,2300.9,2282.35,2300.9,15731511
2021-08-25,2297.64,2325.19,2291.03,2325.19,13890857
2021-08-26,2321.75,2326.62,2307.66,2309.44,10053150
2021-08-27,2310.63,2323.77,2295.89,2323.77,11842111
2021-08-30,2324.67,2350.93,2324.67,2350.23,13726563
2021-08-31,2347.73,2379.63,2347.73,2368.03,30995839
2021-09-01,2367.66,2387.46,2367.66,2371.16,17987921
2021-09-02,2375.04,2391.94,2363.26,2391.94,18960025
2021-09-03,2392.26,2393.71,2370.71,2380.82,14360842
2021-09-06,2379.29,2416.38,2379.29,2416.38,13169381
2021-09-07,2409.03,2409.1,2388.22,2394.79,14663792
2021-09-08,2390.92,2390.92,2361.41,2364.63,20545556
2021-09-09,2356.6,2361.31,2341.53,2356.39,14503413
2021-09-10,2357.98,2377.01,2357.98,2360.7,16228628
2021-09-13,2365.69,2387.74,2362.83,2387.74,19139286
2021-09-14,2367.42,2381.69,2356.63,2376.01,24377771
2021-09-15,2365.73,2368.41,2348.33,2355.23,27747030
2021-09-16,2351.2,2367.65,2347.03,2357.28,24989579
2021-09-17,2356.48,2359.97,2326.12,2333.01,41813166
2021-09-20,2316.96,2316.96,2259.28,2272.52,29449472
2021-09-21,2271.99,2302.02,2271.94,2278.11,19638093
2021-09-22,2295.39,2335.18,2295.39,2334.1,16127336
2021-09-23,2345.99,2353.45,2315.2,2320.51,20174682
2021-09-24,2323.41,2326.78,2295.88,2299.18,19267646
2021-09-27,2308.17,2314.8,2285.15,2292.47,19100996
2021-09-28,2289.15,2298.68,2270.88,2275.68,18883243
2021-09-29,2277.48,2299.84,2271.6,2290.97,14394570
2021-09-30,2299.33,2314.35,2294.48,2310.29,31180804
2021-10-01,2299.01,2332.78,2284.34,2327.88,20388107
2021-10-04,2325.08,2360.69,2306.16,2338.09,25600481
2021-10-05,2338.92,2365.14,2320.67,2364.72,19716260
2021-10-06,2365.2,2365.2,2329.59,2349.46,27548041
2021-10-07,2353.18,2365.41,2334.37,2359.54,23404742
2021-10-08,2360.56,2415.15,2360.56,2411.12,30327382
2021-10-11,2413.12,2457.36,2409.01,2457.36,24018999
2021-10-12,2449.09,2478.55,2429.66,2472.33,41697156
2021-10-13,2471.12,2473.93,2439.48,2451.89,36421921
2021-10-14,2455.6,2473.32,2447.11,2459.5,35861076
2021-10-15,2459.71,2461.17,2438.38,2453.98,29698253
2021-10-18,2458.45,2474.44,2452.44,2459.81,17268301
2021-10-19,2461.73,2472.34,2438.14,2447.54,21855682
2021-10-20,2447.07,2453.57,2432.33,2443.11,22261931
2021-10-21,2433.75,2433.75,2418.23,2427.35,18086091
2021-10-22,2425.02,2436.87,2412.57,2417.09,16121524
2021-10-25,2415.52,2430.62,2415.52,2427.19,16544470
2021-10-26,2429.41,2442.53,2417.03,2425.29,19904199
2021-10-27,2423.22,2423.22,2389.35,2404.82,22421853
2021-10-28,2405.47,2411.6,2391.93,2392.67,23662933
2021-10-29,2390.05,2421.65,2377.84,2405.05,28465126
2021-11-02,2411.73,2421.09,2388.14,2407.53,30287273
2021-11-03,2411.54,2428.52,2370.99,2380.11,23049938
2021-11-04,2386.85,2441.93,2386.85,2438.8,28526219
2021-11-05,2439.09,2443.77,2419.57,2439.16,23566941
2021-11-08,2444.16,2449.64,2417.29,2423.92,19323862
2021-11-09,2420.42,2423.89,2393.2,2395.05,24497918
2021-11-10,2393.48,2407.83,2355.75,2366.59,25126969
2021-11-12,2372.28,2390.77,2358.23,2358.23,28816948
2021-11-15,2358.49,2384.74,2335.04,2335.04,27794225
2021-11-16,2336.33,2350.13,2333.66,2340.03,22247198
2021-11-17,2346.41,2354.67,2312.13,2317.49,22134015
2021-11-18,2316.9,2316.9,2258.9,2271.31,28223399
2021-11-19,2271.91,2286.37,2221.68,2248.18,34661095
2021-11-22,2251.08,2262.74,2237.64,2247.82,25598302
2021-11-23,2245.04,2268.99,2223.71,2261.15,24009689
2021-11-24,2268.15,2275.74,2230.01,2239.75,20339805
2021-11-25,2244.79,2247.36,2218.45,2229.44,18898128
2021-11-26,2193.9,2193.9,2138.75,2143.13,39403548
2021-11-29,2148.59,2168.81,2120.23,2148.62,31737586
2021-11-30,2133.69,2199.73,2118.81,2194.37,72231286
2021-12-01,2205.85,2229.12,2193.19,2217.18,31391910
2021-12-02,2208.07,2208.07,2179.15,2201.86,28358291
2021-12-03,2209.95,2223.51,2176.74,2179.71,29597003
2021-12-06,2184.6,2199.87,2175.93,2190.67,20254665
2021-12-07,2201.86,2237.32,2201.86,2231.12,32334634
2021-12-08,2234.64,2244.71,2214.4,2219.62,24245574
2021-12-09,2214.59,2237.73,2184.35,2212.81,27976068
2021-12-10,2212.19,2226.15,2203.22,2213.78,13692707
2021-12-13,2216.22,2244.59,2205.11,2214.38,23526300
2021-12-14,2217.45,2226.58,2197.46,2211.81,25761398
2021-12-15,2211.49,2211.49,2153.69,2161.04,25835534
2021-12-16,2177.87,2216.95,2177.87,2213.89,30877496
2021-12-17,2206.89,2208.54,2183.83,2194.56,62804298
2021-12-20,2168.37,2193.18,2144.3,2189.91,23432593
2021-12-21,2193.98,2206.73,2185.27,2185.47,18662942
2021-12-22,2190.04,2212.32,2186.67,2212.32,14594354
2021-12-23,2215.19,2228.64,2213.67,2225.8,18946170
2021-12-27,2226.82,2232.08,2210.9,2226.24,15662353
2021-12-28,2222.54,2252.43,2219.1,2252.43,23308065
2021-12-29,2245.28,2263.76,2242.8,2260.7,17264000
2021-12-30,2263.39,2266.92,2247.73,2266.92,16099938
2022-01-03,2272.18,2302.11,2272.18,2286.5,19199478
2022-01-04,2293.18,2301.76,2281.04,2300.68,22490984
2022-01-05,2296.7,2310.97,2283.63,2310.97,23373146
2022-01-07,2309.61,2314.16,2278.63,2311.93,29717898
2022-01-10,2311.34,2328.41,2289.59,2291.23,22612381
2022-01-11,2300.38,2345.44,2296.03,2344.45,30819446
2022-01-12,2350.99,2411.11,2350.99,2411.11,46032724
2022-01-13,2406.83,2429.03,2397.64,2407.62,36970690
2022-01-14,2402.92,2413.59,2370.11,2383.16,25178257
2022-01-17,2378.9,2387.33,2359.3,2365.29,21176576
2022-01-18,2361.68,2361.68,2317.23,2317.36,18960400
2022-01-19,2304.66,2337.74,2291.46,2316.94,49751038
2022-01-20,2321.6,2331.17,2299.73,2308.94,26137023
2022-01-21,2298.12,2298.12,2257.71,2273.81,26128033
2022-01-24,2270.73,2282.96,2153.81,2170.36,36076252
2022-01-25,2170.85,2214.87,2170.45,2199.6,30000323
2022-01-26,2204.53,2245.72,2204.53,2233.18,22167053
2022-01-27,2218.18,2241.77,2197.75,2234.33,23453415
2022-01-28,2232.26,2232.26,2167.61,2183.7,31306719
2022-01-31,2198.34,2218.58,2191.24,2209.62,30045742
2022-02-01,2219.99,2238.58,2210.41,2224.28,17504732
2022-02-02,2229.44,2262.18,2221.3,2252.92,29148730
2022-02-03,2249.4,2250.75,2225.26,2235.15,34103265
2022-02-04,2239.14,2242.69,2174.57,2174.57,25596861
2022-02-07,2181.87,2201.4,2149.25,2171.62,22236994
2022-02-08,2176,2215.12,2171.41,2215.12,24286851
2022-02-09,2220.47,2236.48,2216.91,2235.93,25305849
2022-02-10,2235.91,2244.73,2201.11,2213.21,17315981
2022-02-11,2203.02,2203.52,2172.72,2203.13,17730754
2022-02-14,2154.92,2172.61,2119.71,2161.79,27764279
2022-02-15,2170.43,2222.01,2170.43,2209.7,22095447
2022-02-16,2224.29,2246.54,2201.69,2212.73,22236495
2022-02-17,2215.9,2218.3,2168.46,2175.61,22293179
2022-02-18,2172.08,2188.88,2143.28,2143.28,17809904
2022-02-21,2149.19,2162.8,2059.49,2069.53,21359833
2022-02-22,2038.58,2106.97,2010.54,2101.31,37638697
2022-02-23,2110.35,2129.52,2038.99,2038.99,28617300
2022-02-24,1929.14,1929.14,1781.02,1817.45,78798629
2022-02-25,1850.34,1993.78,1850.34,1970.78,51008657
2022-02-28,1937.89,2010.06,1890.33,1999.88,77832182
2022-03-01,2006.15,2050.89,1964.71,1967.01,56777151
2022-03-02,1966.4,2043.96,1954.93,2043.96,75617073
2022-03-03,2053.82,2068.52,2005.47,2009.56,71579870
2022-03-04,2000.16,2000.16,1894.88,1918.75,53300653
2022-03-07,1898.74,1956.36,1860.1,1934.94,86731087
2022-03-08,1922.98,1971.77,1899.22,1908.1,45469938
2022-03-09,1937.96,1981.13,1933.67,1973.25,43610933
2022-03-10,1983.05,1992.24,1950.24,1970.27,36313002
2022-03-11,1983.15,2045.15,1983.15,2033.49,37212037
2022-03-14,2038.11,2038.11,1972.14,1972.14,30396993
2022-03-15,1968.78,2018.37,1950.63,1999.93,30434572
2022-03-16,2018.99,2067.13,2018.99,2060.07,44616127
2022-03-17,2070.66,2125.29,2070.66,2125.29,40720750
2022-03-18,2122.59,2137.12,2088.08,2099.26,77177033
2022-03-21,2098.58,2125.13,2082.38,2093.04,29748142
2022-03-22,2096.64,2125.06,2096.5,2121.52,26063336
2022-03-23,2129.62,2148.04,2103.09,2120.86,17607377
2022-03-24,2130.03,2154.29,2112.6,2138.8,27066677
2022-03-25,2142.22,2147.17,2098.97,2115.58,22949123
2022-03-28,2112.73,2143.35,2112.73,2123.12,23780969
2022-03-29,2134.55,2182.97,2107.74,2171.56,34981748
2022-03-30,2178.29,2187.85,2158.86,2179.56,26878998
2022-03-31,2177.34,2182.92,2133.05,2133.05,26642867
2022-04-01,2143.61,2168.05,2142.22,2164.81,17117915
2022-04-04,2171.43,2181.17,2144.42,2157.79,23129997
2022-04-05,2164.28,2170.09,2120.76,2123.49,17813646
2022-04-06,2124.38,2127.28,2083.93,2107.82,23044216
2022-04-07,2110.89,2116.47,2076.63,2076.63,24833644
2022-04-08,2089.75,2105.49,2073.85,2085.07,19447283
2022-04-11,2081.23,2121.65,2066.56,2121.65,21235688
2022-04-12,2115.34,2115.34,2091.76,2094.01,24570063
2022-04-13,2103.07,2112.82,2087.13,2104.32,17596427
2022-04-14,2109.37,2116.4,2088.7,2093.17,12880838
2022-04-19,2098.17,2103.49,2046.24,2068.52,27960183
2022-04-20,2076.95,2094.91,2047.81,2047.81,23607467
2022-04-21,2059.4,2068.7,2028.76,2028.76,26014297
2022-04-22,2028.28,2028.28,1973.31,1973.31,19516415
2022-04-25,1951.03,1966.8,1909.93,1919.55,30619382
2022-04-26,1938.86,1951.36,1894.28,1896.46,26237563
2022-04-27,1897.03,1898.84,1867.06,1883.09,24602616
2022-04-28,1903.66,1916.25,1872.1,1884.42,25554833
2022-04-29,1898.54,1915.32,1850.37,1858.12,33612931
2022-05-02,1854.26,1854.26,1816.5,1824.05,15501498
2022-05-04,1834.06,1836.87,1808.2,1812.56,28732037
2022-05-05,1832.6,1849.71,1765.85,1765.85,31284131
2022-05-06,1763.62,1765.14,1717.48,1765.14,25818498
2022-05-09,1757.77,1759.99,1724.48,1727.34,16714297
2022-05-10,1735.81,1748.73,1703.9,1719.24,30847998
2022-05-11,1728.7,1744.76,1710.15,1718.07,29858726
2022-05-12,1692.71,1713.59,1652.3,1691.62,35732334
2022-05-13,1709.53,1774.92,1709.53,1765.63,27382859
2022-05-16,1761.15,1796.3,1746.66,1762.22,24959057
2022-05-17,1777.41,1818.05,1769.03,1800.55,33003315
2022-05-18,1807.17,1827.63,1801.68,1801.68,30956310
2022-05-19,1780.36,1789.69,1753.51,1776.4,30977818
2022-05-20,1787.07,1806.82,1782.66,1782.66,28108711
2022-05-23,1798.11,1836.98,1798.11,1836.87,33305212.301887
2022-05-24,1825.08,1844.86,1810.98,1810.98,30463761
2022-05-25,1823.39,1833.56,1789.67,1796.58,21063914
2022-05-26,1798.7,1832.27,1790.87,1827.01,23212457
2022-05-27,1827.36,1832.19,1800.31,1810.68,24976537
2022-05-30,1829.08,1859.2,1827.52,1858.6,18906835
2022-05-31,1859.04,1862.95,1837.62,1842.93,70464191
2022-06-01,1846.59,1846.59,1818.87,1822.57,19653468
2022-06-02,1825.19,1840.38,1814.5,1833.76,15316085
2022-06-03,1845.65,1851.34,1812.39,1819.99,16457391
2022-06-06,1827.04,1851.22,1821.82,1849.55,10559942
2022-06-07,1838.63,1838.63,1816.4,1828.57,16203461
2022-06-08,1827.61,1830.66,1783.21,1792.8,19168996
2022-06-09,1793.03,1800.65,1762.92,1767.5,18438256
2022-06-10,1761.24,1761.24,1720.39,1725.18,18556186
2022-06-13,1704.52,1707.25,1674.39,1681.75,21751199
2022-06-14,1692.92,1706.5,1680.68,1704.07,22796304
2022-06-15,1707.38,1711.95,1672.46,1707.11,28385312
2022-06-17,1682.3,1706.17,1665.88,1676.67,47692825
2022-06-20,1684.09,1695.98,1678.23,1679.89,13563869
2022-06-21,1689.11,1719.05,1689.11,1719.05,16023928
2022-06-22,1700.92,1700.92,1667.82,1680.61,18238772
2022-06-23,1678.01,1690.32,1653.8,1654.32,16724714
2022-06-24,1659.92,1686.33,1654.61,1682.33,14819696
2022-06-27,1691.89,1715.62,1690.74,1713.18,17796280
2022-06-28,1722.58,1744.91,1722.58,1739.08,22323228
2022-06-29,1726.38,1738.6,1711.84,1733.19,20209877
2022-06-30,1720.32,1720.32,1689.04,1695.97,24266005
2022-07-01,1690.71,1717.96,1686.98,1688.85,17932916
2022-07-04,1695.14,1702.4,1665.59,1693.1,19283457
2022-07-05,1701.53,1706.1,1634.5,1644.46,21416391
2022-07-06,1649.5,1668.17,1629.79,1654.84,27222558
2022-07-07,1664.01,1716.56,1664.01,1708.8,21441575
2022-07-08,1707.55,1742.95,1698.13,1740.46,21824188
2022-07-11,1713.21,1725.66,1700.85,1714.56,26755623
2022-07-12,1707.7,1707.7,1663.05,1663.46,28021214
2022-07-13,1663.76,1678.86,1643.36,1655.65,21088822
2022-07-14,1655.76,1660.85,1601.32,1613.98,22608398
2022-07-15,1618.23,1634.31,1607.84,1620.13,14349380
2022-07-18,1632.83,1670.33,1632.83,1669.48,17498758
2022-07-19,1664.93,1681.28,1648.39,1679.27,15725532
2022-07-20,1688.47,1701.91,1678.74,1694.58,18264806
2022-07-21,1697.09,1702.4,1665.34,1683.09,17537259
2022-07-22,1677.44,1710.51,1677.44,1701.73,19751028
2022-07-25,1699.55,1708.72,1682.95,1685.62,14534025
2022-07-26,1677.62,1683.51,1646.3,1654.7,18824081
2022-07-27,1658.09,1670.03,1632.23,1651.89,24170124
2022-07-28,1661.43,1679.66,1652.86,1667.17,43984566
2022-07-29,1674.05,1721.11,1674.05,1721.11,35264023
2022-08-01,1723.75,1736.47,1714.65,1736.47,17726600
2022-08-02,1728.07,1728.48,1709.85,1713.61,20929200
2022-08-03,1702.13,1702.32,1679.92,1688.03,26680773
2022-08-04,1690.68,1697.16,1666.85,1674.37,27135908
2022-08-05,1685.3,1696.43,1643.02,1652.14,20530983
2022-08-08,1660.93,1695.78,1652.97,1695.78,17107654
2022-08-09,1695.54,1706.57,1682.49,1684.14,18163209
2022-08-10,1683.41,1702.17,1661.42,1694.11,19876119
2022-08-11,1705.23,1724.98,1690.24,1724.98,15942914
2022-08-12,1721.18,1737.25,1716.38,1735.07,16552361
2022-08-16,1739.62,1763.25,1730.05,1735,19652899
2022-08-17,1736.13,1736.8,1679.71,1682.93,19931686
2022-08-18,1683.89,1703.78,1672.48,1699.68,17686963
2022-08-19,1685.24,1698.82,1668.62,1673.4,22244791
2022-08-22,1669.2,1670.29,1630,1640.02,18508931
2022-08-23,1638.03,1667.41,1630.67,1656.77,34803232
2022-08-24,1655.38,1655.38,1616.14,1620.63,21709792
2022-08-25,1633.09,1650.7,1622.55,1632,26235784
2022-08-26,1635.66,1637.07,1596.06,1602.81,22812055
2022-08-29,1585.54,1585.54,1552.6,1573.35,21693935
2022-08-30,1578.24,1583.57,1532.85,1535.11,22574437
2022-08-31,1540.93,1548.25,1513.5,1528.22,49110518
2022-09-01,1522.52,1522.52,1462.59,1462.59,32437774
2022-09-02,1477.24,1506.54,1464.67,1505.75,35756213
2022-09-05,1496.88,1505.05,1482.29,1492.06,17618605
2022-09-06,1495.62,1504.64,1444.84,1452.86,23355729
2022-09-07,1445.54,1471.34,1431.36,1469.42,26613207
2022-09-08,1481.93,1494.98,1460.43,1473.18,23886627
2022-09-09,1487.5,1534.68,1487.5,1534.68,24748386
2022-09-12,1545.64,1561.98,1519.71,1561.97,22468627
2022-09-13,1569.03,1573.05,1515.19,1519.35,20718753
2022-09-14,1511.59,1531.76,1507.2,1528.29,20365590
2022-09-15,1533.17,1550.8,1523.79,1539.75,21703122
2022-09-16,1526.02,1529.2,1487.36,1501.91,65980080
2022-09-19,1498.57,1528.7,1496.79,1527.25,20046381
2022-09-20,1532.86,1546.5,1497.41,1497.41,18767383
2022-09-21,1495.76,1515.86,1488.25,1509.32,18511407
2022-09-22,1498.1,1526.89,1485.31,1518.19,16260020
2022-09-23,1518.03,1518.03,1453.76,1457.78,20614019
2022-09-26,1446.43,1450.7,1410.71,1433.08,33983566
2022-09-27,1443.23,1473.21,1443.23,1458.81,24474027
2022-09-28,1434.99,1440.66,1407.56,1435.37,27625844
2022-09-29,1446.35,1446.35,1375.19,1380.1,28897332
2022-09-30,1390.12,1396.76,1366.25,1377.91,30707088
2022-10-03,1379.8,1388.96,1344.02,1386.96,22655949
2022-10-04,1404.22,1449.81,1404.22,1449.81,28538316
2022-10-05,1449.73,1449.73,1418.03,1419.12,19373841
2022-10-06,1431.68,1449.55,1409.32,1417.82,22063616
2022-10-07,1414.41,1420.33,1398.86,1405.21,19811594
2022-10-10,1400.27,1400.29,1379.35,1379.49,22174183
2022-10-11,1377.66,1405.98,1360.7,1381.84,22459545
2022-10-12,1389.02,1391.14,1369.65,1377.19,30585927
2022-10-13,1378.57,1381.48,1337.71,1358.5,34529970
2022-10-14,1383.1,1409.55,1381.49,1397.23,30197595
2022-10-17,1400.06,1418.65,1384.6,1414.06,18743378
2022-10-18,1416.66,1440.9,1414.9,1427.68,32706525
2022-10-19,1430.17,1430.17,1395.73,1397.66,23562539
2022-10-20,1399.59,1429.16,1385.16,1426.52,34177300
2022-10-21,1421.96,1424.9,1397.28,1411.62,19440638
2022-10-24,1421.4,1445.85,1411.21,1433.21,21876696
2022-10-25,1438.79,1450.33,1422.44,1444.02,28561581
2022-10-26,1447.28,1487.6,1443.41,1487.6,26958268
2022-10-27,1489.37,1506.74,1474.43,1506.74,32523157
2022-10-28,1498.03,1516.82,1481.23,1508.7,49191032
2022-10-31,1511.96,1536.28,1506.41,1536.28,25373927
2022-11-02,1545.19,1573.97,1545.19,1573.97,31271842
2022-11-03,1553.61,1559.97,1538.04,1559.55,21905465
2022-11-04,1569.01,1612.09,1569.01,1601.27,28788061
2022-11-07,1605.03,1637.37,1600.71,1618.14,32832261
2022-11-08,1616.98,1644.75,1602.48,1644.75,19908655
2022-11-09,1643.42,1658.52,1638.45,1644.12,19875135
2022-11-10,1637.91,1692.72,1619.03,1690.38,26891723
2022-11-14,1697.88,1759.79,1697.88,1743.89,39847665
2022-11-15,1750.6,1784.76,1728.17,1769.55,28298319
2022-11-16,1747.81,1761.51,1731.46,1741.17,26924613
2022-11-17,1744.07,1750.96,1695.8,1708.23,25406383
2022-11-18,1709.68,1726.63,1689.34,1707.23,21001372
2022-11-21,1706.43,1706.47,1683.15,1685.5,20863822
2022-11-22,1687.07,1729.95,1681.78,1717.75,18175395
2022-11-23,1724.5,1737.75,1707.01,1713.61,19222341
2022-11-24,1724.66,1753.95,1721.85,1753.95,19393501
2022-11-25,1752.36,1764.57,1736.75,1755.69,15614476
2022-11-28,1748.68,1748.84,1728.74,1728.74,19482673
2022-11-29,1740.55,1744.71,1718.31,1736.19,27851833
2022-11-30,1741.22,1756.95,1727.88,1736.26,127493895
2022-12-01,1754.83,1766.38,1741.13,1766.38,34260461
2022-12-02,1765.02,1765.02,1730.43,1733.46,27956510
2022-12-05,1738.95,1766.04,1738.95,1746.54,14516580
2022-12-06,1741.86,1741.86,1722.72,1733.59,15849699
2022-12-07,1730.5,1739.05,1720.19,1735.66,14506821
2022-12-08,1735.17,1735.41,1715.72,1725.66,14817278
2022-12-09,1730.18,1735.76,1717,1730.16,15019500
2022-12-12,1729.82,1759.39,1714.22,1755.34,14740130
2022-12-13,1758.54,1803.6,1742.11,1784.67,22169301
2022-12-14,1785.11,1793.02,1778.37,1787.37,17004527
2022-12-15,1778.9,1778.9,1746.02,1756.52,18698018
2022-12-16,1746.54,1755.89,1726.58,1741.3,41764081
2022-12-19,1739.9,1754.27,1737.5,1743.24,12353029
2022-12-20,1732.8,1763.2,1724.41,1763.2,12410849
2022-12-21,1761.88,1786.56,1754.46,1786.1,15400718
2022-12-22,1786.63,1796.05,1774.71,1780.07,10579489
2022-12-23,1778.58,1782.76,1769.41,1780.27,8034718
2022-12-27,1788.67,1792.82,1762.64,1765.87,6876220
2022-12-28,1764.3,1776.98,1757.71,1767.88,10436182
2022-12-29,1768.98,1802.2,1763.44,1802.2,10649283
2022-12-30,1797.53,1797.86,1786.56,1792.01,8999274
2023-01-02,1794.52,1811.64,1786.7,1791.47,5343204
2023-01-03,1794.13,1835.15,1791.98,1824.82,22121560
2023-01-04,1826.17,1856.63,1824.74,1855.05,19715380
2023-01-05,1851.86,1887.05,1843.35,1856.05,28214946
2023-01-09,1873.58,1912.84,1873.58,1912.47,33642083
2023-01-10,1904.63,1940.96,1890.53,1937.98,25039050
2023-01-11,1936.39,1955.44,1912.55,1914.74,25924632
2023-01-12,1919.28,1950.83,1919.28,1930.79,32879763
2023-01-13,1932.38,1939.83,1910.13,1923.44,18128731
2023-01-16,1924.89,1944.2,1901.5,1933.08,18386777
2023-01-17,1928.12,1932.16,1898.34,1904.51,19449736
2023-01-18,1906.99,1928.89,1894.82,1913.25,33787784
2023-01-19,1900.37,1903.17,1869.14,1889.84,31488410
2023-01-20,1895.41,1901.03,1879.51,1892.32,21735938
2023-01-23,1899.2,1928.67,1899.2,1923.15,18780276
2023-01-24,1928.95,1945.78,1912.85,1918.6,18021838
2023-01-25,1906.22,1906.22,1879.52,1886.24,20432082
2023-01-26,1900.83,1920.18,1892.13,1911.61,16709511
2023-01-27,1916.61,1925.94,1909.33,1911.5,16290933
2023-01-30,1909.48,1909.48,1882.38,1889.82,15589284
2023-01-31,1886.96,1905.89,1876.42,1902.25,24133015
2023-02-01,1903.59,1911.39,1871.93,1871.93,22199674
2023-02-02,1886.33,1919.26,1882.56,1903.79,26007892
2023-02-03,1903.48,1917.69,1896.18,1906.13,18912038
2023-02-06,1902.31,1902.31,1863.26,1864.76,15983401
2023-02-07,1869.42,1877.28,1858.79,1870.87,14142774
2023-02-08,1882.32,1898.52,1882.32,1886.68,13396896
2023-02-09,1892.88,1912.32,1889.24,1896.24,12167375
2023-02-10,1891.84,1891.84,1838.33,1848.04,19717621
2023-02-13,1855.31,1863.95,1837.88,1853.29,13482430
2023-02-14,1858.47,1868.44,1841.76,1852.67,12571402
2023-02-15,1850.59,1871.47,1844.73,1870.03,11203817
2023-02-16,1872.93,1883.67,1841.85,1865.51,18647941
2023-02-17,1859.27,1867.81,1846.46,1859.26,14925672
2023-02-20,1860.87,1863.76,1842.43,1849.48,9560418
2023-02-21,1847.82,1847.82,1813.26,1825.89,14625476
2023-02-22,1822.56,1823.79,1786.67,1796.87,17929916
2023-02-23,1797.8,1826.45,1797.8,1824.76,13122671
2023-02-24,1828.33,1832.76,1802.1,1807.31,11536841
2023-02-27,1810.71,1828.27,1806.5,1820.79,8394196
2023-02-28,1821.3,1847.94,1810.98,1847.94,27049126
2023-03-01,1855.26,1868.54,1845.77,1856.22,16207612
2023-03-02,1850.34,1850.34,1813.37,1817.77,16033310
2023-03-03,1821.93,1841.85,1820.13,1841.85,12693089
2023-03-06,1849.05,1878.93,1849.05,1873.63,13145268
2023-03-07,1870.17,1883.31,1853.4,1853.4,12943645
2023-03-08,1853.32,1864.49,1842.48,1860.83,12133062
2023-03-09,1859.12,1859.12,1835.94,1835.94,10603394
2023-03-10,1820.21,1820.21,1786.18,1799.58,16072659
2023-03-13,1805.3,1814.07,1733.83,1753.3,22597089
2023-03-14,1752.13,1769.37,1737.77,1755.3,18607938
2023-03-15,1761.1,1766.16,1702.2,1707.42,20763488
2023-03-16,1718.65,1727.07,1669.53,1706.55,26682158
2023-03-17,1716.42,1730.29,1671.67,1678.16,37077467
2023-03-20,1671.55,1689.36,1626.01,1686.56,21357470
2023-03-21,1694.95,1724.01,1694.95,1719.16,23349958
2023-03-22,1721.09,1732.74,1704.93,1707.29,16424086
2023-03-23,1706.81,1714.42,1680.9,1705.91,12509380
2023-03-24,1700.07,1700.07,1661.51,1670.18,16319241
2023-03-27,1684.13,1695.07,1665.93,1686.96,10210972
2023-03-28,1694.46,1712.77,1686.26,1694.12,14047878
2023-03-29,1701.93,1712.3,1685.64,1709.39,16053905
2023-03-30,1715.56,1764.19,1715.56,1763.29,26179385
2023-03-31,1768.95,1776.97,1754.07,1758.56,18837644
2023-04-03,1764.92,1795.3,1764.92,1775.99,13986078
2023-04-04,1785.64,1797.89,1772.43,1773.53,10508534
2023-04-05,1772.8,1776.32,1752.7,1756.95,12691426
2023-04-06,1759.34,1766,1749,1754.24,7868005
2023-04-11,1765.72,1789.07,1758.63,1783.31,16692528
2023-04-12,1785.83,1820.15,1773.58,1816.28,20564852
2023-04-13,1814.17,1846.34,1808.35,1840.77,22267916
2023-04-14,1846.46,1865.17,1844.08,1854.27,16398458
2023-04-17,1861.54,1869.58,1854.76,1861.85,14466537
2023-04-18,1863.8,1910.96,1859.82,1896.92,16395745
2023-04-19,1893.31,1901.65,1871.52,1896.87,13705715
2023-04-20,1898.29,1926.26,1896.15,1911.19,17835599
2023-04-21,1903.8,1903.8,1882.76,1900.63,13887716
2023-04-24,1897.12,1918.6,1883.77,1910.52,10306117
2023-04-25,1907.98,1911.87,1887.85,1890.69,13672862
2023-04-26,1891.3,1902.64,1870.09,1888.61,16637312
2023-04-27,1893.04,1951.53,1893.04,1948.07,15197850
2023-04-28,1953.29,1954.79,1917.31,1923.09,17947979
2023-05-02,1921.51,1953.64,1919.23,1919.24,15269078
2023-05-04,1920.08,1933.14,1879.78,1884.32,19404304
2023-05-05,1890.37,1914.65,1885.44,1912.37,12427320
2023-05-08,1918.18,1936.58,1913.67,1922.08,11518067
2023-05-09,1919.31,1920.79,1902.81,1919.92,11248169
2023-05-10,1926.84,1954.53,1912.32,1931.94,19719506
2023-05-11,1935.51,1944.56,1914.17,1918.71,17612233
2023-05-12,1923.98,1950.54,1917.43,1939.03,16565256
2023-05-15,1949.06,1958.76,1932.34,1940.63,16514994
2023-05-16,1937.44,1960.63,1931.65,1948.83,12594652
2023-05-17,1945.87,1945.95,1928.07,1933.08,14540135
2023-05-18,1942.87,1954.05,1933.12,1939.9,14148665
2023-05-19,1946.35,1992.39,1946.35,1992.31,20862580
2023-05-22,1990.44,2012.35,1983.44,2004.72,16607353
2023-05-23,2002.96,2026.29,2000.68,2004.06,13378560
2023-05-24,1998.74,1998.74,1956.18,1958.63,16741264
2023-05-25,1961.54,1965.93,1936.77,1941.16,17235259
2023-05-26,1943.86,1986.26,1941.93,1984.12,16307890
2023-05-29,1986.48,1995.58,1976.35,1980.39,7304767
2023-05-30,1978.78,1978.78,1943.99,1946.38,15448251
2023-05-31,1934.41,1934.41,1890.03,1894.48,52156170
2023-06-01,1902.02,1949.5,1902.02,1946.21,14941664
2023-06-02,1959.23,2018.09,1959.23,2018.09,19817090
2023-06-05,2019.7,2053.48,2010.92,2020.07,15886416
2023-06-06,2017.83,2060.37,2016.18,2053.44,25672961
2023-06-07,2052.54,2055.49,2027.06,2036.31,16027064
2023-06-09,2046.14,2062.57,2041.14,2050.99,16233755
2023-06-12,2051.3,2069.41,2041.18,2044.2,16241418
2023-06-13,2050.61,2059.91,2022.49,2024.98,28701751
2023-06-14,2029.73,2082.03,2027.67,2075.83,28308897
2023-06-15,2070.12,2098.15,2056.92,2097.34,23364089
2023-06-16,2097.35,2131.03,2097.35,2108.05,63572097
2023-06-19,2102.93,2118.57,2083.57,2083.81,9983315
2023-06-20,2081.84,2090.88,2063.37,2066.78,11658122
2023-06-21,2067.24,2086.27,2060.53,2076.16,13594977
2023-06-22,2077.32,2086.8,2058.12,2075.51,11097087
2023-06-23,2068.39,2073.39,2033.22,2035,11974508
2023-06-26,2034.31,2075.63,2028.62,2068.49,9720902
2023-06-27,2071.66,2081.36,2025.49,2039.34,12003788
2023-06-28,2048.56,2066.79,2029.44,2045.15,12607948
2023-06-29,2050.16,2067.14,2046.46,2062.11,10765129
2023-06-30,2065.97,2069.97,2043.9,2060.38,15202861
2023-07-03,2056.7,2080.92,2055.21,2078.46,13653193
2023-07-04,2081.01,2081.01,2055.01,2056.53,10707198
2023-07-05,2054.22,2054.22,2014.98,2015.11,14392546
2023-07-06,2010.25,2023.01,1989.66,2010.48,18195608
2023-07-07,2010.4,2037.33,2008.84,2035.57,14599138
2023-07-10,2032.43,2043,2020.58,2041.39,10711466
2023-07-11,2049.65,2059.27,2044.31,2054.39,13794176
2023-07-12,2060.37,2114.5,2060.37,2114.5,18711730
2023-07-13,2116.56,2130.53,2109.44,2117.53,16339179
2023-07-14,2112.57,2141.53,2106.66,2127.08,12087302
2023-07-17,2123.38,2147.67,2119.1,2136.87,24032381
2023-07-18,2135.81,2161.24,2132.19,2161.24,16058277
2023-07-19,2166.04,2181.78,2160.76,2171.53,14673882
2023-07-20,2166.96,2177.81,2154.15,2159.05,12590267
2023-07-21,2160.5,2163.36,2144.8,2155.56,12736286
2023-07-24,2153.33,2178.67,2153.33,2173.8,12678408
2023-07-25,2177.79,2187.81,2166.52,2181.76,10732952
2023-07-26,2182.49,2185.84,2155.24,2163.91,9283791
2023-07-27,2167.03,2195.76,2167.03,2189.58,13932958
2023-07-28,2183.55,2193.03,2172.64,2189.24,11510992
2023-07-31,2190.28,2202.3,2186.26,2193.56,17447189
2023-08-01,2193.35,2193.77,2174.65,2188.77,13747540
2023-08-02,2177.36,2177.36,2142.82,2142.82,14883443
2023-08-03,2139.83,2145.01,2120.93,2141.81,13001280
2023-08-04,2152.32,2173.4,2152.32,2169.73,10052286
2023-08-07,2167.78,2168.37,2145.93,2152.17,9919087
2023-08-08,2148.86,2148.86,2106.44,2113.37,15746204
2023-08-09,2099.14,2118.52,2089.72,2096.43,17771305
2023-08-10,2097.72,2143.51,2097.72,2130.58,16696381
2023-08-11,2124.08,2124.08,2098.84,2105.31,13284271
2023-08-14,2098.01,2104.81,2082.18,2087.01,9377568
2023-08-16,2075.72,2075.87,2039.46,2044.35,18511683
2023-08-17,2043.1,2053.25,2009.19,2021.15,13024982
2023-08-18,2014.48,2017.46,1997.11,2014.55,13127530
2023-08-21,2011.29,2024.31,2002.05,2015.21,10659612
2023-08-22,2020.25,2031.1,2005.48,2009.59,11819458
2023-08-23,2011.24,2018.61,1989,2012.34,13162916
2023-08-24,2015.7,2036.45,2007.3,2009.58,10166723
2023-08-25,1997.35,2015.39,1986.05,2000.42,10620373
2023-08-28,2010.6,2041.73,2001.87,2039.32,11516362
2023-08-29,2041.9,2050.43,2029.79,2042.08,12644490
2023-08-30,2043.03,2055.06,2035.91,2049.96,8289758
2023-08-31,2049.89,2054.96,2026.67,2027.38,27831620
2023-09-01,2024.89,2055.37,2022.35,2050.94,14560369
2023-09-04,2050.13,2062.39,2023.74,2025.59,14490208
2023-09-05,2022.55,2044.26,2004.34,2006.27,13740483
2023-09-06,1993.44,2000.36,1942.27,1958.07,25918192
2023-09-07,1954.96,1963.05,1909.86,1927.39,20120851
2023-09-08,1934.89,1946.46,1924.02,1943.99,13364405
2023-09-11,1951.85,1965.45,1935.43,1941.79,13451525
2023-09-12,1944.98,1953.48,1934.03,1949.57,19746973
2023-09-13,1948.28,1956.91,1937.35,1949.65,20185326
2023-09-14,1954.66,1967.77,1948.35,1967.77,18693837
2023-09-15,1973.88,1989.19,1971.31,1975.05,42830658
2023-09-18,1974.14,1981.45,1941.76,1943.94,13778179
2023-09-19,1951.24,1954.49,1924.07,1930.86,16080549
2023-09-20,1932.86,1979.22,1932.86,1975.57,18236625
2023-09-21,1962.98,1962.98,1935.97,1949.56,12918665
2023-09-22,1948.17,1959.09,1936.82,1949.25,15562790
2023-09-25,1947.24,1957.09,1918.15,1925.22,15655182
2023-09-26,1921.59,1936.37,1900.4,1928.42,15370542
2023-09-27,1928.01,1932.96,1898.92,1898.92,13082707
2023-09-28,1896.64,1903.33,1873.38,1884.74,30618353
2023-09-29,1890.79,1926.94,1890.79,1915.6,22627015
2023-10-02,1917.3,1917.3,1873.32,1873.32,16635343
2023-10-03,1871.15,1881.62,1854.48,1864.31,20451084
2023-10-04,1857.91,1901.68,1843.38,1879.35,22577547
2023-10-05,1884.53,1893.3,1864.65,1864.65,19196269
2023-10-06,1865.28,1889.89,1852.68,1870.43,34993155
2023-10-09,1869.05,1919.4,1854.01,1909.41,23136281
2023-10-10,1919.84,1965.66,1919.84,1960.21,25818178
2023-10-11,1962.86,1988.44,1956.18,1976.83,31757020
2023-10-12,1980.07,1985.3,1956.34,1960.94,31389565
2023-10-13,1958.96,1986.47,1951.77,1974.56,21731800
2023-10-16,2009.97,2099.3,2009.97,2079.49,56000435
2023-10-17,2077.32,2150.76,2076.66,2118.37,38033945
2023-10-18,2111.24,2130.64,2091.92,2094.62,35973845
2023-10-19,2085.76,2085.76,2047.77,2051.4,25365378
2023-10-20,2040.64,2049.22,2019.23,2028.92,19866460
2023-10-23,2030.55,2040.92,2015.1,2021.14,16261051
2023-10-24,2028.21,2076.43,2028.21,2059.53,24388044
2023-10-25,2063.14,2105.22,2058.24,2096.22,24066190
2023-10-26,2080.37,2124.94,2060.12,2120.96,20711828
2023-10-27,2122.38,2131.8,2100.9,2103.73,16329613
2023-10-30,2108.61,2137.81,2108.61,2126.47,15917983
2023-10-31,2129.76,2169.08,2124.23,2149.73,24550308
2023-11-02,2163.79,2181.6,2141.35,2158.41,23645108
2023-11-03,2161.79,2187.38,2155.56,2177.29,20128393
2023-11-06,2185.27,2203.59,2174.56,2186.01,17809181
2023-11-07,2179.91,2191.06,2154.48,2168.12,16292337
2023-11-08,2165.12,2170.7,2134.8,2140.2,15833450
2023-11-09,2153.64,2172.27,2130.08,2170.91,19075784
2023-11-10,2165.75,2169.03,2135.65,2141.09,14654587
2023-11-13,2147.13,2164.92,2130.91,2132.7,18679333
2023-11-14,2137.55,2241.24,2137.55,2236.12,26528502
2023-11-15,2241.03,2264.9,2213.47,2218.61,27299827
2023-11-16,2215.59,2239.37,2208.37,2217.16,31370144
2023-11-17,2215.3,2230.19,2204.7,2228.28,18257191
2023-11-20,2228.8,2269.24,2226.91,2250.55,22235730
2023-11-21,2248.76,2264.79,2226.06,2240.99,16593956
2023-11-22,2237.93,2245.89,2226.39,2241.16,15162106
2023-11-23,2243.16,2250,2223.46,2225.6,11940406
2023-11-24,2224.79,2237.38,2218.07,2228.01,16787565
2023-11-27,2226.59,2231.31,2196.75,2208.05,15823961
2023-11-28,2203.89,2242.91,2203.89,2239.69,18902719
2023-11-29,2227.16,2234.47,2204.57,2222.44,31058211
2023-11-30,2221.96,2234.12,2215.25,2215.25,40654424
2023-12-01,2215.16,2287.62,2215.16,2285.98,20060199
2023-12-04,2281.69,2299.96,2273.8,2281.04,12961160
2023-12-05,2274.56,2316.04,2273.02,2298.78,19136348
2023-12-06,2302.28,2329.05,2297.34,2309.81,20036714
2023-12-07,2302.98,2303.44,2270.2,2288.84,13681706
2023-12-08,2290.85,2316.02,2290.85,2306.05,14582525
2023-12-11,2308.2,2325.47,2302.42,2313.32,13564924
2023-12-12,2318.29,2328.45,2284.99,2293.66,22496206
2023-12-13,2289.56,2309.76,2284.6,2298.31,18141339
2023-12-14,2309.38,2326.76,2307.22,2312.56,22272034
2023-12-15,2318.2,2365.67,2311.98,2320.45,67697404
2023-12-18,2317.97,2340.17,2314.36,2334.5,17243198
2023-12-19,2334.62,2372.3,2329.22,2354.57,18940374
2023-12-20,2358.26,2380.4,2341.42,2346.52,15633376
2023-12-21,2333.32,2355.14,2329.78,2348.67,16619821
2023-12-22,2345.16,2353.47,2338.03,2346.7,9204610
2023-12-27,2348.85,2378.32,2348.85,2371.28,13649734
2023-12-28,2374.38,2380.55,2356.32,2356.32,11537636
2023-12-29,2356.84,2367.01,2334.3,2342.99,10917243
2024-01-02,2344.1,2350.52,2288.3,2303.41,13920658
2024-01-03,2300.34,2305.71,2264.17,2295.12,20767399
2024-01-04,2295.14,2295.14,2263.57,2282.23,18611762
2024-01-05,2269.54,2281.04,2230.94,2274.59,15961824
2024-01-08,2268.49,2283.34,2237.93,2279.86,15212783
2024-01-09,2290.55,2294.56,2267.41,2288.2,15720437
2024-01-10,2286.76,2299.77,2264.61,2270.82,15802065
2024-01-11,2279.93,2287.65,2242.88,2246.21,19924196
2024-01-12,2248.84,2270.94,2239.41,2248.58,17900481
2024-01-15,2249.09,2259.9,2206.6,2216.01,11952680
2024-01-16,2208.87,2215.07,2187.87,2208.54,12186484
2024-01-17,2201.05,2201.05,2161.56,2167.71,20596729
2024-01-18,2170.27,2194.2,2170.27,2191.26,17989566
2024-01-19,2198.47,2213.74,2191.88,2200.91,18791983
2024-01-22,2212.23,2223.04,2195.82,2205.03,16121392
2024-01-23,2210.65,2215.66,2175.62,2196.27,14666559
2024-01-24,2196.95,2225.62,2195.66,2213.36,16675294
2024-01-25,2213.69,2215.43,2195.21,2206.18,14153527
2024-01-26,2200.87,2226.41,2191.67,2223.47,13770396
2024-01-29,2218.5,2224.08,2207.42,2213.17,11338365
2024-01-30,2216.22,2238.85,2212.89,2235.83,15139945
2024-01-31,2235.89,2282.25,2233.6,2279.86,18811692
2024-02-01,2271.04,2322.65,2255.25,2306.07,23508144
2024-02-02,2314.21,2366.31,2314.21,2350.44,22403766
2024-02-05,2351.28,2378.61,2323.58,2329.72,21181524
2024-02-06,2333.11,2356.8,2326.38,2332.22,15881996
2024-02-07,2336.86,2351.35,2329.47,2347.31,12303686
2024-02-08,2348.8,2355.29,2312.48,2318.89,11840601
2024-02-09,2317.87,2326.25,2304.28,2309.39,10792888
2024-02-12,2313.8,2355.07,2303.44,2345.13,16267950
2024-02-13,2342.42,2349.62,2289.79,2300.09,24884186
2024-02-14,2300.62,2347.65,2298.55,2347.65,14410447
2024-02-15,2353.78,2362.07,2330,2345.75,17725942
2024-02-16,2346.91,2390.06,2346.91,2371.05,13966277
2024-02-19,2365.54,2394.8,2365.54,2387.94,9809872
2024-02-20,2387.08,2428.85,2380.27,2423.18,18284494
2024-02-21,2426.86,2443.12,2410.03,2411.43,16256065
2024-02-22,2432.3,2455.05,2432.3,2447.32,21722463
2024-02-23,2453.29,2494.74,2451.11,2476.82,19900731
2024-02-26,2477.45,2483.49,2462.85,2464.05,13754739
2024-02-27,2465.94,2489.6,2450.18,2457.83,18036437
2024-02-28,2458.24,2458.24,2408.94,2412,18781940
2024-02-29,2413.96,2446.47,2412.88,2418.1,55290322
2024-03-01,2430.39,2441,2404.79,2424.7,18030139
2024-03-04,2433.2,2444.21,2394.05,2398.38,17997591
2024-03-05,2390.39,2390.39,2363.32,2367.74,19233303
2024-03-06,2369.06,2382.38,2359.61,2371.37,14489024
2024-03-07,2361.05,2361.05,2318.18,2336.23,16997867
2024-03-08,2337.02,2353.91,2308.05,2351.65,20401587
2024-03-11,2348.14,2370.39,2340.36,2370.39,13265697
2024-03-12,2374.4,2428.05,2364.45,2425.09,22585522
2024-03-13,2423.09,2435.83,2398.1,2408.31,20086275
2024-03-14,2410.55,2426.94,2398.55,2412.33,25018417
2024-03-15,2411.5,2422.1,2310.02,2350.97,72844908
2024-03-18,2352.61,2375.89,2330.69,2350.87,17958198
2024-03-19,2352.6,2359.36,2297.85,2335.74,19423586
2024-03-20,2342.47,2350.76,2314.6,2341.35,15804240
2024-03-21,2369.05,2409.74,2369.05,2409.74,20376550
2024-03-22,2405.34,2415.75,2374.23,2377.69,16101913
2024-03-25,2377.78,2381.01,2342.8,2343.24,14919609
2024-03-26,2345.98,2396.21,2336.06,2387.64,19483070
2024-03-27,2387.84,2399.45,2380.8,2394.81,13861727
2024-03-28,2392.63,2439.21,2392.63,2436.05,18007784
2024-04-02,2440.7,2473.58,2425.33,2434.77,23924417
2024-04-03,2439.87,2453.64,2417.97,2433.78,17761685
2024-04-04,2438.03,2471.53,2433.13,2469.3,16131103
2024-04-05,2454.59,2470.75,2437.36,2470.75,20946543
2024-04-08,2469.4,2512.32,2469.4,2507.13,18559549
2024-04-09,2511.74,2529.12,2467.25,2475.42,25809982
2024-04-10,2489.31,2514.69,2478.02,2500.26,37967255
2024-04-11,2491,2507.54,2468.31,2468.31,29576577
2024-04-12,2491.92,2501.93,2444.82,2446.16,20022302
2024-04-15,2465.66,2475.35,2447.33,2453.31,19862472
2024-04-16,2428,2429.4,2383.85,2392.5,27963299
2024-04-17,2400.66,2445.88,2398.15,2432.32,34556675
2024-04-18,2453.09,2461.53,2417.94,2460.99,26962145
2024-04-19,2440.69,2467.07,2436.48,2464.04,27420606
2024-04-22,2479.25,2511.82,2473.72,2508.34,26277242.901374
2024-04-23,2495.09,2518.21,2478.04,2492.3,21294020
2024-04-24,2507.53,2508.71,2467.53,2469.17,21648466
2024-04-25,2476.84,2479.18,2432.61,2446.93,20243633
2024-04-26,2474.36,2487.99,2466,2479.1,19628932
2024-04-29,2487.9,2509.76,2459.86,2507.84,17339696
2024-04-30,2512.34,2512.34,2471.82,2476.29,19095347
2024-05-02,2487.7,2493.84,2462.79,2470.52,14219177
2024-05-06,2493.56,2553.52,2479.34,2547.53,27151253
2024-05-07,2548.38,2566.37,2530.24,2536.99,32839442
2024-05-08,2542.8,2550.72,2528.36,2550.72,22509893
2024-05-09,2563.65,2573.52,2554.78,2565.64,26366939
2024-05-10,2574.83,2577.09,2520.75,2523.05,33258808
2024-05-13,2528.66,2552.38,2521.47,2547.1,23678342
2024-05-14,2552.04,2562.66,2526.8,2557.21,34127402
2024-05-15,2552.49,2558.22,2534.37,2555.32,25350172
2024-05-16,2566.15,2578.73,2554.26,2562.83,18911681
2024-05-17,2559.34,2576.62,2537.37,2574.96,21078390
2024-05-20,2585.49,2600.53,2581.95,2593.1,24751625
2024-05-21,2579.49,2588.31,2557.42,2567.52,19910220
2024-05-22,2562.52,2562.77,2542.01,2552.7,20968404
2024-05-23,2547.38,2568.16,2531.41,2541.37,33633368
2024-05-24,2529.2,2534.58,2512.71,2528.8,30180665
2024-05-27,2534.98,2549.04,2525.02,2530.08,20192298.927021
2024-05-28,2537,2542.56,2495.34,2505.97,20351257
2024-05-29,2503.38,2503.75,2460.33,2463.98,26198686
2024-05-31,2463.9,2501.62,2453.68,2485.53,62890805
2024-06-03,2511.05,2523.05,2495.69,2496.92,15139142
2024-06-04,2495.34,2495.34,2433.81,2433.81,18906960
2024-06-05,2445.86,2448.51,2428.57,2445.33,15885316
2024-06-06,2463.59,2468.21,2437.6,2462.49,12455017
2024-06-07,2468.74,2468.74,2419.03,2428.84,14580443
2024-06-10,2420.26,2428.59,2401.51,2428.58,11347046
2024-06-11,2436.5,2439.66,2401,2402.91,13379914
2024-06-12,2416.4,2452.94,2410.48,2442.89,17335764
2024-06-13,2441,2441.78,2399.53,2401.63,13426391
2024-06-14,2412.13,2413.73,2383.98,2413.73,18117426
2024-06-17,2416.27,2460.7,2415.78,2458.79,18303021
2024-06-18,2472.27,2490.1,2453.56,2455.11,17879724
2024-06-19,2465.15,2498.88,2455.93,2491.74,13977375
2024-06-20,2499.86,2518.87,2481.15,2497.82,16390808
2024-06-21,2499.27,2514.01,2480.38,2489.91,37196476
2024-06-24,2496.55,2549.05,2490.46,2542.42,13966096
2024-06-25,2539.47,2563.48,2528.79,2547.21,17019229
2024-06-26,2560.73,2573.14,2540.75,2541.43,27003141
2024-06-27,2546.09,2565.79,2537.38,2547.78,18745032
2024-06-28,2555.07,2572.87,2552.78,2561.27,18416678
2024-07-01,2574.03,2578.15,2550.09,2553.09,14701281
2024-07-02,2548.57,2551.7,2522.35,2528.44,14412813
2024-07-03,2544.94,2566.93,2532.3,2543.64,13742901
2024-07-04,2557.02,2558.29,2534.71,2549.11,8062372
2024-07-05,2552.11,2558.56,2511.13,2518.89,9889997
2024-07-08,2524.23,2544.57,2517.88,2539.4,10010729
2024-07-09,2542.96,2545.91,2529.24,2543.85,12494325
2024-07-10,2549.76,2549.76,2517.54,2521.39,13004491
2024-07-11,2529.45,2549.88,2522.59,2547.69,14201546
2024-07-12,2545.46,2574.96,2537.22,2566.19,12915490
2024-07-15,2565.44,2569.86,2549.16,2569.86,10371215
2024-07-16,2561.68,2561.68,2485.65,2485.93,18003508
2024-07-17,2489.58,2506.29,2426.37,2454.63,19039624
2024-07-18,2467.45,2503.98,2446.52,2496.44,18528711
2024-07-19,2483.64,2489.33,2457.37,2476.38,11016825
2024-07-22,2487.73,2497.79,2471.19,2481.28,9506452
2024-07-23,2483.57,2483.57,2432.85,2445.06,12136809
2024-07-24,2430.5,2455.16,2424.18,2431.72,11834210
2024-07-25,2398.7,2416.59,2381.59,2415.63,16787572
2024-07-26,2417.66,2428.54,2398.97,2407.15,9161935
2024-07-29,2425.67,2436.16,2400.96,2419.12,10533307
2024-07-30,2425.17,2432.52,2384.77,2384.77,15397787
2024-07-31,2409.78,2426.29,2401.13,2421.49,18447098
2024-08-01,2426.28,2426.28,2373.86,2374.62,11818914
2024-08-02,2349.22,2356.41,2327.87,2339.16,16426478
2024-08-05,2261.66,2273.65,2219.4,2266.27,28704923
2024-08-06,2291.6,2297.67,2215.98,2237.76,23107520
2024-08-07,2242.1,2248.13,2222.76,2236.35,16372780
2024-08-08,2233.19,2266.13,2193.1,2264.1,17357336
2024-08-09,2281.19,2292.41,2250,2258.52,13422112
2024-08-12,2274.83,2336.36,2274.83,2335.65,12609558
2024-08-13,2348.33,2353.79,2321.26,2330.32,16396057
2024-08-14,2351.09,2357.56,2332.84,2344.14,15063371
2024-08-16,2385.05,2421.06,2383.77,2421.06,17718937
2024-08-19,2417.49,2437.46,2409.25,2426.89,13036574
2024-08-20,2430.17,2430.32,2381.36,2383.43,8198629
2024-08-21,2388.3,2405.75,2383.46,2401.57,12264113
2024-08-22,2413.93,2419.89,2394.92,2400.05,19695520
2024-08-23,2417.26,2417.26,2394.2,2401.25,14349646
2024-08-26,2405.51,2411.08,2385.2,2395.38,10105408
2024-08-27,2401.19,2401.63,2367.51,2396.22,11679725
2024-08-28,2391.94,2396.28,2367.96,2383.94,13752732
2024-08-29,2384.3,2409.58,2377.69,2403.14,14983709
2024-08-30,2412.24,2419.99,2392.84,2412.16,30646198
2024-09-02,2404.71,2467.23,2388.32,2456.07,18828117
2024-09-03,2454.58,2457.66,2409.5,2409.5,15474032
2024-09-04,2389.06,2405.94,2378.66,2403.12,12553514
2024-09-05,2397.92,2414.75,2365.15,2371.94,14577198
2024-09-06,2367.09,2375.15,2316.94,2318.2,16433018
2024-09-09,2331.73,2338.79,2319.09,2330.89,11761887
2024-09-10,2332.97,2344.16,2300.78,2307.54,15866784
2024-09-11,2306.1,2306.1,2259.72,2262.33,18491288
2024-09-12,2301.51,2311.27,2286.1,2294.32,14069996
2024-09-13,2302.97,2342.39,2299.98,2336.62,15213061
2024-09-16,2320.15,2320.15,2285.79,2294.76,17834443
2024-09-17,2308.76,2341.76,2305.75,2334.86,18229560
2024-09-18,2342.45,2347.7,2316.85,2326.69,14007178
2024-09-19,2326.27,2335.49,2310.92,2326.8,32539700
2024-09-20,2333.13,2334.35,2269.39,2279.98,57375236
2024-09-23,2292.92,2297.03,2259.19,2286.81,15836833
2024-09-24,2314.89,2351.47,2310.16,2337.49,18405880
2024-09-25,2336.54,2353.49,2325.59,2346.26,15435810
2024-09-26,2369.02,2385.8,2355.01,2366.47,30107952
2024-09-27,2369.56,2387.02,2353.65,2382.95,16365744
2024-09-30,2374.16,2381.13,2324.13,2324.13,20898193
2024-10-01,2335.42,2341.84,2297.03,2315.86,18165447
2024-10-02,2316.05,2340.17,2303.11,2317.7,12487349
2024-10-03,2314.07,2314.07,2277.73,2280.66,16177462
2024-10-04,2290.66,2298.03,2273.85,2291.53,12516938
2024-10-07,2306.17,2308.54,2269.11,2291.51,13866107
2024-10-08,2277.33,2300.73,2257.08,2284.75,17095032
2024-10-09,2285.35,2329.74,2276.61,2321.28,16251661
2024-10-10,2324.94,2331.54,2300.12,2308.16,16777225
2024-10-11,2322.22,2340.2,2310.68,2333.75,12173245
2024-10-14,2340.6,2341.97,2323.5,2327.5,9971380
2024-10-15,2337.89,2339.96,2308.65,2322.68,15253256
2024-10-16,2318.72,2349.6,2311.74,2341,28559062
2024-10-17,2345.01,2345.88,2280.05,2283.98,13756925
2024-10-18,2295.26,2317.82,2294.47,2303.33,9783443
2024-10-21,2301.99,2312.92,2272.7,2278.75,11595646
2024-10-22,2281.84,2282.88,2246.96,2250.38,19163889
2024-10-23,2246.83,2261.54,2227.14,2256.21,15172906
2024-10-24,2262.17,2277.28,2243.43,2245.55,12674903
2024-10-25,2241.19,2253.62,2225.52,2245.25,11524993
2024-10-28,2255.75,2265.19,2233.3,2245.79,10193564
2024-10-29,2259.06,2285.42,2244.93,2284.76,13593103
2024-10-30,2282.48,2282.48,2224.28,2230.54,16811229
2024-10-31,2212.53,2220.68,2199.84,2205.47,20601216
2024-11-04,2218.16,2256.45,2218.16,2252.86,15208497
2024-11-05,2257.59,2257.59,2217.95,2236.48,14711546
2024-11-06,2246.8,2280.04,2236.19,2241.24,19194347
2024-11-07,2254.64,2315.53,2253.77,2310.43,27173484
2024-11-08,2324.6,2324.88,2283.17,2298.3,17439112
2024-11-12,2288.99,2295.6,2254.22,2255.73,24131319
2024-11-13,2254.16,2257.17,2220.82,2232.69,18251548
2024-11-14,2235.69,2247.93,2204.91,2247.93,39806668
2024-11-15,2245.25,2245.25,2188.46,2188.75,20322529
2024-11-18,2193.74,2210.07,2163.92,2184.7,15853919
2024-11-19,2194.03,2197.05,2079.99,2123.35,26883584
2024-11-20,2142.66,2161.14,2127.32,2144.68,14779988
2024-11-21,2155.16,2184.97,2132.4,2178.03,19925681
2024-11-22,2182.92,2197.57,2143.82,2194.06,18250295
2024-11-25,2218.68,2219.72,2196.23,2202.76,25290808
2024-11-26,2196.78,2223.45,2186.63,2199.85,14053108
2024-11-27,2201.95,2204.3,2168.6,2186.69,15675883
2024-11-28,2196.36,2206.69,2179.22,2187.08,12702415
2024-11-29,2185.47,2200.86,2178.52,2191.12,20381901
2024-12-02,2199.22,2249.1,2199.22,2247.36,18004191
2024-12-03,2256.81,2260.48,2228.93,2240.58,26229766
2024-12-04,2249.86,2279.44,2241.53,2268.14,22714670
2024-12-05,2276.07,2314.91,2269.96,2310.78,17570311
2024-12-06,2315.01,2328.67,2304.38,2310,15453064
2024-12-09,2318.08,2329.15,2301.44,2315.74,17086215
2024-12-10,2307.77,2321.76,2288.34,2317.3,24529761
2024-12-11,2310.31,2310.31,2291.95,2296.1,17948081
2024-12-12,2303.42,2303.42,2263.43,2276.69,21728373
2024-12-13,2279.16,2288.08,2266.93,2273.12,21212005
2024-12-16,2276.48,2282.58,2255.45,2270.66,18984238
2024-12-17,2267.39,2269.65,2209.54,2211.89,25588466
2024-12-18,2216.33,2235.6,2209.71,2226.58,21717793
2024-12-19,2201.1,2227.86,2196.85,2225.51,27362416
2024-12-20,2217.49,2219,2179.88,2200.39,37604945
2024-12-23,2217.4,2227.77,2201.05,2202.17,16626488
2024-12-27,2205.98,2207.75,2186.66,2204.19,9790987
2024-12-30,2194.05,2209.88,2185.44,2192.01,11032199
